bovis_orf,tb_orf
Mb0001,Rv0001
Mb0002,Rv0002
Mb0003,Rv0003
Mb0004,Rv0004
Mb0005,Rv0005
Mb0006,Rv0006
Mb0007,Rv0007
Mb0008c,Rv0008c
Mb0009,Rv0009
Mb0010c,Rv0010c
Mb0011c,Rv0011c
Mb0013,Rv0013
Mb0014c,Rv0014c
Mb0015c,Rv0015c
Mb0016c,Rv0016c
Mb0017c,Rv0017c
Mb0018c,Rv0018c
Mb0019c,Rv0019c
Mb0021c,Rv0021c
Mb0022c,Rv0022c
Mb0023,Rv0023
Mb0024,Rv0024
Mb0026,Rv0025
Mb0028,Rv0027
Mb0029,Rv0028
Mb0030,Rv0029
Mb0031,Rv0030
Mb0033,Rv0032
Mb0034,Rv0033
Mb0035,Rv0034
Mb0036,Rv0035
Mb0037c,Rv0036c
Mb0038c,Rv0037c
Mb0039,Rv0038
Mb0040c,Rv0039c
Mb0041c,Rv0040c
Mb0042,Rv0041
Mb0044c,Rv0043c
Mb0045c,Rv0044c
Mb0046c,Rv0045c
Mb0047c,Rv0046c
Mb0048c,Rv0047c
Mb0049c,Rv0048c
Mb0052,Rv0051
Mb0054,Rv0053
Mb0055,Rv0054
Mb0056,Rv0055
Mb0057,Rv0056
Mb0058,Rv0057
Mb0059,Rv0058
Mb0060,Rv0059
Mb0061,Rv0060
Mb0062A,Rv0061c
Mb0063,Rv0062
Mb0064,Rv0063
Mb0065,Rv0064
Mb0065A,Rv0064A
Mb0066,Rv0065
Mb0067c,Rv0066c
Mb0068c,Rv0067c
Mb0069,Rv0068
Mb0070c,Rv0069c
Mb0071c,Rv0070c
Mb0072,Rv0071
Mb0073,Rv0072
Mb0074,Rv0073
Mb0076,Rv0074
Mb0077,Rv0075
Mb0078c,Rv0076c
Mb0079c,Rv0077c
Mb0080,Rv0078
Mb0081c,Rv0078A
Mb0081A,Rv0078B
Mb0082,Rv0079
Mb0083,Rv0080
Mb0084,Rv0081
Mb0085,Rv0082
Mb0086,Rv0083
Mb0087,Rv0084
Mb0088,Rv0085
Mb0089,Rv0086
Mb0090,Rv0087
Mb0092,Rv0089
Mb0093,Rv0090
Mb0094,Rv0091
Mb0095,Rv0092
Mb0099,Rv0096
Mb0100,Rv0097
Mb0101,Rv0098
Mb0103,Rv0100
Mb0104,Rv0101
Mb0105,Rv0102
Mb0106c,Rv0103c
Mb0107,Rv0104
Mb0108c,Rv0105c
Mb0109,Rv0106
Mb0111c,Rv0107c
Mb0113,Rv0109
Mb0115,Rv0111
Mb0116,Rv0112
Mb0117,Rv0113
Mb0118,Rv0114
Mb0119,Rv0115
Mb0120c,Rv0116c
Mb0121,Rv0117
Mb0122c,Rv0118c
Mb0123,Rv0119
Mb0124c,Rv0120c
Mb0126c,Rv0121c
Mb0127,Rv0122
Mb0128,Rv0123
Mb0130,Rv0125
Mb0131,Rv0126
Mb0132,Rv0127
Mb0133,Rv0128
Mb0134c,Rv0129c
Mb0135,Rv0130
Mb0136c,Rv0131c
Mb0137c,Rv0132c
Mb0138,Rv0133
Mb0139-3,Rv0134
Mb0140c,Rv0135c
Mb0141,Rv0136
Mb0142c,Rv0137c
Mb0143,Rv0138
Mb0144,Rv0139
Mb0145,Rv0140
Mb0146c,Rv0141c
Mb0147,Rv0142
Mb0148c,Rv0143c
Mb0150,Rv0145
Mb0151,Rv0146
Mb0153,Rv0148
Mb0154,Rv0149
Mb0155c,Rv0150c
Mb0158c,Rv0153c
Mb0159c,Rv0154c
Mb0160,Rv0155
Mb0161,Rv0156
Mb0162,Rv0157
Mb0162A,Rv0157A
Mb0163,Rv0158
Mb0164c,Rv0159c
Mb0165c,Rv0160c
Mb0166,Rv0161
Mb0168,Rv0163
Mb0172,Rv0166
Mb0173,Rv0167
Mb0174,Rv0168
Mb0175,Rv0169
Mb0176,Rv0170
Mb0177,Rv0171
Mb0178,Rv0172
Mb0179,Rv0173
Mb0180,Rv0174
Mb0181,Rv0175
Mb0182,Rv0176
Mb0183,Rv0177
Mb0184,Rv0178
Mb0185c,Rv0179c
Mb0186c,Rv0180c
Mb0187c,Rv0181c
Mb0188c,Rv0182c
Mb0189,Rv0183
Mb0190,Rv0184
Mb0191,Rv0185
Mb0192,Rv0186
Mb0192A,Rv0186A
Mb0193,Rv0187
Mb0194,Rv0188
Mb0195c,Rv0189c
Mb0196,Rv0190
Mb0197,Rv0191
Mb0199c,Rv0193c
Mb0200,Rv0194
Mb0201,Rv0195
Mb0202,Rv0196
Mb0204c,Rv0198c
Mb0205,Rv0199
Mb0206,Rv0200
Mb0207c,Rv0201c
Mb0208c,Rv0202c
Mb0209,Rv0203
Mb0210c,Rv0204c
Mb0211,Rv0205
Mb0212c,Rv0206c
Mb0213c,Rv0207c
Mb0214c,Rv0208c
Mb0215,Rv0209
Mb0216,Rv0210
Mb0217,Rv0211
Mb0218c,Rv0212c
Mb0222,Rv0216
Mb0223c,Rv0217c
Mb0224,Rv0218
Mb0225,Rv0219
Mb0226,Rv0220
Mb0229c,Rv0224c
Mb0230,Rv0225
Mb0231c,Rv0226c
Mb0233,Rv0228
Mb0235c,Rv0230c
Mb0236,Rv0231
Mb0237,Rv0232
Mb0238,Rv0233
Mb0240c,Rv0235c
Mb0242c,Rv0236A
Mb0241c,Rv0236c
Mb0243,Rv0237
Mb0244,Rv0238
Mb0245,Rv0239
Mb0246,Rv0240
Mb0247c,Rv0241c
Mb0248c,Rv0242c
Mb0249,Rv0243
Mb0250c,Rv0244c
Mb0251,Rv0245
Mb0252,Rv0246
Mb0253c,Rv0247c
Mb0254c,Rv0248c
Mb0255c,Rv0249c
Mb0256c,Rv0250c
Mb0257c,Rv0251c
Mb0258,Rv0252
Mb0259,Rv0253
Mb0260c,Rv0254c
Mb0261c,Rv0255c
Mb0262c,Rv0256c
Mb0264c,Rv0258c
Mb0265c,Rv0259c
Mb0266c,Rv0260c
Mb0267c,Rv0261c
Mb0268c,Rv0262c
Mb0269c,Rv0263c
Mb0270c,Rv0264c
Mb0271c,Rv0265c
Mb0272c,Rv0266c
Mb0273,Rv0267
Mb0275c,Rv0269c
Mb0276,Rv0270
Mb0277c,Rv0271c
Mb0278c,Rv0272c
Mb0279c,Rv0273c
Mb0280,Rv0274
Mb0281c,Rv0275c
Mb0282,Rv0276
Mb0283c,Rv0277c
Mb0288,Rv0280
Mb0289,Rv0281
Mb0291,Rv0283
Mb0292,Rv0284
Mb0293,Rv0285
Mb0294,Rv0286
Mb0295,Rv0287
Mb0296,Rv0288
Mb0297,Rv0289
Mb0298,Rv0290
Mb0299,Rv0291
Mb0300,Rv0292
Mb0301c,Rv0293c
Mb0302,Rv0294
Mb0303c,Rv0295c
Mb0304c,Rv0296c
Mb0306,Rv0298
Mb0307,Rv0299
Mb0308,Rv0300
Mb0309,Rv0301
Mb0310,Rv0302
Mb0311,Rv0303
Mb0314,Rv0306
Mb0315c,Rv0307c
Mb0316,Rv0308
Mb0317,Rv0309
Mb0318c,Rv0310c
Mb0319,Rv0311
Mb0320,Rv0312
Mb0321,Rv0313
Mb0323,Rv0315
Mb0324,Rv0316
Mb0325c,Rv0317c
Mb0326c,Rv0318c
Mb0327,Rv0319
Mb0328,Rv0320
Mb0329,Rv0321
Mb0330,Rv0322
Mb0331c,Rv0323c
Mb0332,Rv0324
Mb0334c,Rv0327c
Mb0335,Rv0328
Mb0336c,Rv0329c
Mb0337c,Rv0330c
Mb0338,Rv0331
Mb0340,Rv0333
Mb0341,Rv0334
Mb0344c,Rv0337c
Mb0345c,Rv0338c
Mb0346c,Rv0339c
Mb0347,Rv0340
Mb0348,Rv0341
Mb0350,Rv0343
Mb0351c,Rv0344c
Mb0354c,Rv0346c
Mb0356,Rv0348
Mb0357,Rv0349
Mb0358,Rv0350
Mb0359,Rv0351
Mb0360,Rv0352
Mb0361,Rv0353
Mb0363c,Rv0356c
Mb0364c,Rv0357c
Mb0365,Rv0358
Mb0366,Rv0359
Mb0368,Rv0361
Mb0369,Rv0362
Mb0370c,Rv0363c
Mb0371,Rv0364
Mb0372c,Rv0365c
Mb0373c,Rv0366c
Mb0374c,Rv0367c
Mb0375c,Rv0368c
Mb0377c,Rv0370c
Mb0378c,Rv0371c
Mb0379c,Rv0372c
Mb0380c,Rv0373c
Mb0381c,Rv0374c
Mb0384,Rv0377
Mb0385,Rv0378
Mb0386,Rv0379
Mb0388c,Rv0381c
Mb0389c,Rv0382c
Mb0390c,Rv0383c
Mb0391c,Rv0384c
Mb0392,Rv0385
Mb0393,Rv0386
Mb0395,Rv0389
Mb0396,Rv0390
Mb0397,Rv0391
Mb0398c,Rv0392c
Mb0400c,Rv0394c
Mb0401,Rv0395
Mb0402,Rv0396
Mb0403,Rv0397
Mb0403A,Rv0397A
Mb0404c,Rv0398c
Mb0405c,Rv0399c
Mb0406c,Rv0400c
Mb0407,Rv0401
Mb0408c,Rv0402c
Mb0410c,Rv0403c
Mb0411,Rv0404
Mb0412,Rv0405
Mb0415,Rv0407
Mb0416,Rv0408
Mb0417,Rv0409
Mb0418c,Rv0410c
Mb0419c,Rv0411c
Mb0420c,Rv0412c
Mb0422c,Rv0414c
Mb0423,Rv0415
Mb0424,Rv0416
Mb0425,Rv0417
Mb0426,Rv0418
Mb0427,Rv0419
Mb0429c,Rv0421c
Mb0431c,Rv0423c
Mb0432c,Rv0424c
Mb0433c,Rv0425c
Mb0434c,Rv0426c
Mb0436c,Rv0428c
Mb0437c,Rv0429c
Mb0438,Rv0430
Mb0440,Rv0432
Mb0441,Rv0433
Mb0442,Rv0434
Mb0443c,Rv0435c
Mb0444c,Rv0436c
Mb0445c,Rv0437c
Mb0446c,Rv0438c
Mb0447c,Rv0439c
Mb0448,Rv0440
Mb0449c,Rv0441c
Mb0450c,Rv0442c
Mb0451,Rv0443
Mb0452c,Rv0444c
Mb0453c,Rv0445c
Mb0454c,Rv0446c
Mb0455c,Rv0447c
Mb0457c,Rv0449c
Mb0458c,Rv0450c
Mb0459c,Rv0451c
Mb0460,Rv0452
Mb0461,Rv0453
Mb0463c,Rv0455c
Mb0466A,Rv0456B
Mb0464c,Rv0456c
Mb0466c,Rv0457c
Mb0467,Rv0458
Mb0468,Rv0459
Mb0471,Rv0462
Mb0472,Rv0463
Mb0473c,Rv0464c
Mb0474c,Rv0465c
Mb0475,Rv0466
Mb0476,Rv0467
Mb0477,Rv0468
Mb0478,Rv0469
Mb0480c,Rv0470A
Mb0479c,Rv0470c
Mb0481c,Rv0471c
Mb0482c,Rv0472c
Mb0483,Rv0473
Mb0484,Rv0474
Mb0485,Rv0475
Mb0487,Rv0477
Mb0488,Rv0478
Mb0489c,Rv0479c
Mb0490c,Rv0480c
Mb0491c,Rv0481c
Mb0492,Rv0482
Mb0493,Rv0483
Mb0494c,Rv0484c
Mb0495,Rv0485
Mb0496,Rv0486
Mb0497,Rv0487
Mb0499,Rv0489
Mb0500,Rv0490
Mb0501,Rv0491
Mb0503c,Rv0492A
Mb0502c,Rv0492c
Mb0508,Rv0497
Mb0509,Rv0498
Mb0510,Rv0499
Mb0512,Rv0500A
Mb0512A,Rv0500B
Mb0513,Rv0501
Mb0514,Rv0502
Mb0515c,Rv0503c
Mb0516c,Rv0504c
Mb0518,Rv0506
Mb0519,Rv0507
Mb0520,Rv0508
Mb0521,Rv0509
Mb0523,Rv0510
Mb0524,Rv0511
Mb0525,Rv0512
Mb0526,Rv0513
Mb0527,Rv0514
Mb0529c,Rv0516c
Mb0531,Rv0518
Mb0533,Rv0520
Mb0534,Rv0521
Mb0536c,Rv0523c
Mb0537,Rv0524
Mb0538,Rv0525
Mb0540,Rv0527
Mb0541,Rv0528
Mb0542,Rv0529
Mb0543,Rv0530
Mb0543A,Rv0530A
Mb0544,Rv0531
Mb0547c,Rv0533c
Mb0548c,Rv0534c
Mb0549,Rv0535
Mb0550,Rv0536
Mb0551c,Rv0537c
Mb0552,Rv0538
Mb0554,Rv0540
Mb0555c,Rv0541c
Mb0556c,Rv0542c
Mb0557c,Rv0543c
Mb0558c,Rv0544c
Mb0559c,Rv0545c
Mb0560c,Rv0546c
Mb0561c,Rv0547c
Mb0564c,Rv0549c
Mb0565c,Rv0550c
Mb0566c,Rv0551c
Mb0567,Rv0552
Mb0568,Rv0553
Mb0569,Rv0554
Mb0570,Rv0555
Mb0571,Rv0556
Mb0572,Rv0557
Mb0573,Rv0558
Mb0574c,Rv0559c
Mb0576c,Rv0561c
Mb0577,Rv0562
Mb0578,Rv0563
Mb0579c,Rv0564c
Mb0580c,Rv0565c
Mb0581c,Rv0566c
Mb0582,Rv0567
Mb0583,Rv0568
Mb0584,Rv0569
Mb0585,Rv0570
Mb0586c,Rv0571c
Mb0587c,Rv0572c
Mb0588c,Rv0573c
Mb0589c,Rv0574c
Mb0590c,Rv0575c
Mb0591,Rv0576
Mb0592,Rv0577
Mb0593c,Rv0578c
Mb0594,Rv0579
Mb0595c,Rv0580c
Mb0596,Rv0581
Mb0597,Rv0582
Mb0598c,Rv0583c
Mb0599,Rv0584
Mb0600c,Rv0585c
Mb0601,Rv0586
Mb0602,Rv0587
Mb0603,Rv0588
Mb0604,Rv0589
Mb0606,Rv0591
Mb0610,Rv0594
Mb0611c,Rv0595c
Mb0612c,Rv0596c
Mb0613c,Rv0597c
Mb0614c,Rv0598c
Mb0615c,Rv0599c
Mb0616c,Rv0600c
Mb0619,Rv0603
Mb0620,Rv0604
Mb0624,Rv0608
Mb0625,Rv0609
Mb0627c,Rv0610c
Mb0629,Rv0612
Mb0630c,Rv0613c
Mb0632,Rv0615
Mb0633A,Rv0616A
Mb0634,Rv0617
Mb0636,Rv0620
Mb0638,Rv0622
Mb0639,Rv0623
Mb0640,Rv0624
Mb0641c,Rv0625c
Mb0642,Rv0626
Mb0643,Rv0627
Mb0644c,Rv0628c
Mb0645c,Rv0629c
Mb0646c,Rv0630c
Mb0648c,Rv0631c
Mb0649c,Rv0632c
Mb0650c,Rv0633c
Mb0653,Rv0634B
Mb0651c,Rv0634c
Mb0654,Rv0635
Mb0655,Rv0636
Mb0656,Rv0637
Mb0657,Rv0638
Mb0658,Rv0639
Mb0659,Rv0640
Mb0660,Rv0641
Mb0661c,Rv0642c
Mb0662c,Rv0643c
Mb0663c,Rv0644c
Mb0664c,Rv0645c
Mb0665c,Rv0646c
Mb0668,Rv0649
Mb0669,Rv0650
Mb0670,Rv0651
Mb0671,Rv0652
Mb0672c,Rv0653c
Mb0673,Rv0654
Mb0675c,Rv0656c
Mb0676c,Rv0657c
Mb0677c,Rv0658c
Mb0678c,Rv0659c
Mb0679c,Rv0660c
Mb0680c,Rv0661c
Mb0681c,Rv0662c
Mb0682,Rv0663
Mb0684,Rv0665
Mb0685,Rv0666
Mb0686,Rv0667
Mb0687,Rv0668
Mb0688c,Rv0669c
Mb0689,Rv0670
Mb0690,Rv0671
Mb0691,Rv0672
Mb0692,Rv0673
Mb0693,Rv0674
Mb0694,Rv0675
Mb0695c,Rv0676c
Mb0696c,Rv0677c
Mb0697,Rv0678
Mb0698c,Rv0679c
Mb0699c,Rv0680c
Mb0700,Rv0681
Mb0701,Rv0682
Mb0702,Rv0683
Mb0703,Rv0684
Mb0704,Rv0685
Mb0705,Rv0686
Mb0706,Rv0687
Mb0707,Rv0688
Mb0708c,Rv0689c
Mb0709c,Rv0690c
Mb0710c,Rv0691c
Mb0711,Rv0692
Mb0712,Rv0693
Mb0713,Rv0694
Mb0714,Rv0695
Mb0715,Rv0696
Mb0716,Rv0697
Mb0719,Rv0699
Mb0720,Rv0700
Mb0721,Rv0701
Mb0722,Rv0702
Mb0723,Rv0703
Mb0724,Rv0704
Mb0725,Rv0705
Mb0726,Rv0706
Mb0727,Rv0707
Mb0728,Rv0708
Mb0729,Rv0709
Mb0730,Rv0710
Mb0731,Rv0711
Mb0733,Rv0712
Mb0734,Rv0713
Mb0735,Rv0714
Mb0736,Rv0715
Mb0737,Rv0716
Mb0738,Rv0717
Mb0739,Rv0718
Mb0740,Rv0719
Mb0741,Rv0720
Mb0742,Rv0721
Mb0743,Rv0722
Mb0744,Rv0723
Mb0746c,Rv0725c
Mb0747c,Rv0726c
Mb0748c,Rv0727c
Mb0749c,Rv0728c
Mb0750,Rv0729
Mb0752c,Rv0731c
Mb0753,Rv0732
Mb0754,Rv0733
Mb0755,Rv0734
Mb0756,Rv0735
Mb0757,Rv0736
Mb0758,Rv0737
Mb0759,Rv0738
Mb0761,Rv0740
Mb0762,Rv0741
Mb0763,Rv0742
Mb0764c,Rv0743c
Mb0765c,Rv0744c
Mb0769,Rv0748
Mb0770,Rv0749
Mb0772,Rv0750
Mb0773c,Rv0751c
Mb0774c,Rv0752c
Mb0775c,Rv0753c
Mb0776,Rv0754
Mb0777c,Rv0755c
Mb0779c,Rv0756c
Mb0780,Rv0757
Mb0781,Rv0758
Mb0783c,Rv0760c
Mb0784c,Rv0761c
Mb0785c,Rv0762c
Mb0786c,Rv0763c
Mb0787c,Rv0764c
Mb0788c,Rv0765c
Mb0789c,Rv0766c
Mb0790c,Rv0767c
Mb0791,Rv0768
Mb0792,Rv0769
Mb0793,Rv0770
Mb0794,Rv0771
Mb0795,Rv0772
Mb0797c,Rv0774c
Mb0798,Rv0775
Mb0799c,Rv0776c
Mb0800,Rv0777
Mb0801,Rv0778
Mb0802c,Rv0779c
Mb0803,Rv0780
Mb0805c,Rv0783c
Mb0808,Rv0785
Mb0811,Rv0787A
Mb0812,Rv0788
Mb0814c,Rv0790c
Mb0815c,Rv0791c
Mb0816c,Rv0792c
Mb0817,Rv0793
Mb0818c,Rv0794c
Mb0821c,Rv0798c
Mb0822c,Rv0799c
Mb0823,Rv0800
Mb0824,Rv0801
Mb0825c,Rv0802c
Mb0826,Rv0803
Mb0827,Rv0804
Mb0828,Rv0805
Mb0829c,Rv0806c
Mb0830,Rv0807
Mb0832,Rv0809
Mb0833c,Rv0810c
Mb0834c,Rv0811c
Mb0835,Rv0812
Mb0836c,Rv0813c
Mb0837c,Rv0814c
Mb0838c,Rv0815c
Mb0839c,Rv0816c
Mb0840c,Rv0817c
Mb0841,Rv0818
Mb0842,Rv0819
Mb0843,Rv0820
Mb0844c,Rv0821c
Mb0845c,Rv0822c
Mb0846c,Rv0823c
Mb0847c,Rv0824c
Mb0848c,Rv0825c
Mb0849,Rv0826
Mb0850c,Rv0827c
Mb0851c,Rv0828c
Mb0852,Rv0829
Mb0853,Rv0830
Mb0854c,Rv0831c
Mb0858,Rv0835
Mb0860c,Rv0837c
Mb0861,Rv0838
Mb0862,Rv0839
Mb0863c,Rv0840c
Mb0865,Rv0842
Mb0866,Rv0843
Mb0867c,Rv0844c
Mb0869c,Rv0846c
Mb0870,Rv0847
Mb0871,Rv0848
Mb0872,Rv0849
Mb0873,Rv0850
Mb0874c,Rv0851c
Mb0876c,Rv0853c
Mb0877,Rv0854
Mb0878,Rv0855
Mb0881c,Rv0858c
Mb0882,Rv0859
Mb0883,Rv0860
Mb0885c,Rv0862c
Mb0888,Rv0864
Mb0889,Rv0865
Mb0890,Rv0866
Mb0892c,Rv0868c
Mb0893c,Rv0869c
Mb0894c,Rv0870c
Mb0895,Rv0871
Mb0896c,Rv0872c
Mb0897,Rv0873
Mb0898c,Rv0874c
Mb0899c,Rv0875c
Mb0900c,Rv0876c
Mb0901,Rv0877
Mb0903c,Rv0879c
Mb0904,Rv0880
Mb0905,Rv0881
Mb0906,Rv0882
Mb0907c,Rv0883c
Mb0908c,Rv0884c
Mb0909,Rv0885
Mb0910,Rv0886
Mb0911c,Rv0887c
Mb0912,Rv0888
Mb0913c,Rv0889c
Mb0916,Rv0892
Mb0917c,Rv0893c
Mb0918,Rv0894
Mb0920,Rv0896
Mb0921c,Rv0897c
Mb0922c,Rv0898c
Mb0923,Rv0899
Mb0924,Rv0900
Mb0925,Rv0901
Mb0926c,Rv0902c
Mb0927c,Rv0903c
Mb0928c,Rv0904c
Mb0929,Rv0905
Mb0930,Rv0906
Mb0932,Rv0908
Mb0933,Rv0909
Mb0934,Rv0910
Mb0935,Rv0911
Mb0936,Rv0912
Mb0937c,Rv0913c
Mb0938c,Rv0914c
Mb0939c,Rv0915c
Mb0940c,Rv0916c
Mb0941,Rv0917
Mb0942,Rv0918
Mb0943,Rv0919
Mb0944c,Rv0920c
Mb0945,Rv0921
Mb0946,Rv0922
Mb0947c,Rv0923c
Mb0948c,Rv0924c
Mb0949c,Rv0926c
Mb0950c,Rv0927c
Mb0951,Rv0928
Mb0952,Rv0929
Mb0954c,Rv0931c
Mb0956c,Rv0932c
Mb0957,Rv0933
Mb0959,Rv0934
Mb0960,Rv0935
Mb0961,Rv0936
Mb0962c,Rv0937c
Mb0963,Rv0938
Mb0964,Rv0939
Mb0965c,Rv0940c
Mb0966c,Rv0941c
Mb0967,Rv0942
Mb0968c,Rv0943c
Mb0969,Rv0944
Mb0971c,Rv0946c
Mb0973c,Rv0948c
Mb0974,Rv0949
Mb0975c,Rv0950c
Mb0976,Rv0951
Mb0977,Rv0952
Mb0978c,Rv0953c
Mb0979,Rv0954
Mb0980,Rv0955
Mb0981,Rv0956
Mb0982,Rv0957
Mb0983,Rv0958
Mb0984,Rv0959
Mb0984A,Rv0959A
Mb0985,Rv0960
Mb0986,Rv0961
Mb0987c,Rv0962c
Mb0990c,Rv0965c
Mb0991c,Rv0966c
Mb0992,Rv0967
Mb0993,Rv0968
Mb0994,Rv0969
Mb0995,Rv0970
Mb0996c,Rv0971c
Mb0997c,Rv0972c
Mb0998c,Rv0973c
Mb0999c,Rv0974c
Mb1000c,Rv0975c
Mb1001c,Rv0976c
Mb1002,Rv0977
Mb1005,Rv0979A
Mb1004c,Rv0979c
Mb1006c,Rv0980c
Mb1007,Rv0981
Mb1008,Rv0982
Mb1009,Rv0983
Mb1010,Rv0984
Mb1011c,Rv0985c
Mb1012,Rv0986
Mb1013,Rv0987
Mb1015,Rv0988
Mb1016c,Rv0989c
Mb1017c,Rv0990c
Mb1018c,Rv0991c
Mb1019c,Rv0992c
Mb1020,Rv0993
Mb1021,Rv0994
Mb1023,Rv0996
Mb1025,Rv0998
Mb1028,Rv1001
Mb1029c,Rv1002c
Mb1030,Rv1003
Mb1031c,Rv1004c
Mb1033,Rv1006
Mb1034c,Rv1007c
Mb1037,Rv1010
Mb1041,Rv1013
Mb1042c,Rv1014c
Mb1043c,Rv1015c
Mb1045c,Rv1017c
Mb1046c,Rv1018c
Mb1047,Rv1019
Mb1048,Rv1020
Mb1049,Rv1021
Mb1050,Rv1022
Mb1051,Rv1023
Mb1052,Rv1024
Mb1054,Rv1026
Mb1055c,Rv1027c
Mb1057,Rv1028A
Mb1056c,Rv1028c
Mb1058,Rv1029
Mb1059,Rv1030
Mb1060,Rv1031
Mb1061c,Rv1032c
Mb1062c,Rv1033c
Mb1066c,Rv1037c
Mb1067c,Rv1038c
Mb1068c,Rv1039c
Mb1069c,Rv1040c
Mb1072c,Rv1043c
Mb1073,Rv1044
Mb1074,Rv1045
Mb1076,Rv1047
Mb1077c,Rv1048c
Mb1078,Rv1049
Mb1079,Rv1050
Mb1085,Rv1056
Mb1086,Rv1057
Mb1087,Rv1058
Mb1088,Rv1059
Mb1089,Rv1060
Mb1090,Rv1061
Mb1091,Rv1062
Mb1092c,Rv1063c
Mb1093c,Rv1064c
Mb1094,Rv1065
Mb1095,Rv1066
Mb1098c,Rv1069c
Mb1099c,Rv1070c
Mb1100c,Rv1071c
Mb1101,Rv1072
Mb1102,Rv1073
Mb1103c,Rv1074c
Mb1104c,Rv1075c
Mb1106,Rv1077
Mb1107,Rv1078
Mb1108,Rv1079
Mb1109c,Rv1080c
Mb1110c,Rv1081c
Mb1111,Rv1082
Mb1112,Rv1083
Mb1113,Rv1084
Mb1114c,Rv1085c
Mb1115,Rv1086
Mb1116A,Rv1087A
Mb1120,Rv1090
Mb1121,Rv1091
Mb1122c,Rv1092c
Mb1123,Rv1093
Mb1124,Rv1094
Mb1125,Rv1095
Mb1126,Rv1096
Mb1127c,Rv1097c
Mb1128c,Rv1098c
Mb1129c,Rv1099c
Mb1131c,Rv1101c
Mb1132c,Rv1102c
Mb1133c,Rv1103c
Mb1136c,Rv1106c
Mb1137c,Rv1107c
Mb1138c,Rv1108c
Mb1139c,Rv1109c
Mb1140,Rv1110
Mb1141c,Rv1111c
Mb1142,Rv1112
Mb1143,Rv1113
Mb1144,Rv1114
Mb1145,Rv1115
Mb1146,Rv1116
Mb1147c,Rv1116A
Mb1148,Rv1117
Mb1152,Rv1121
Mb1153,Rv1122
Mb1156,Rv1125
Mb1157c,Rv1126c
Mb1158c,Rv1127c
Mb1159c,Rv1128c
Mb1160c,Rv1129c
Mb1162,Rv1131
Mb1163,Rv1132
Mb1164c,Rv1133c
Mb1165,Rv1134
Mb1167,Rv1135A
Mb1166c,Rv1135c
Mb1170c,Rv1138c
Mb1171c,Rv1139c
Mb1173c,Rv1141c
Mb1174c,Rv1142c
Mb1175,Rv1143
Mb1176,Rv1144
Mb1178,Rv1147
Mb1182c,Rv1151c
Mb1183,Rv1152
Mb1184c,Rv1153c
Mb1186,Rv1155
Mb1187,Rv1156
Mb1188c,Rv1157c
Mb1189c,Rv1158c
Mb1190,Rv1159
Mb1191c,Rv1159A
Mb1192,Rv1160
Mb1193,Rv1161
Mb1194,Rv1162
Mb1196,Rv1164
Mb1197,Rv1165
Mb1198,Rv1166
Mb1199c,Rv1167c
Mb1200c,Rv1168c
Mb1202c,Rv1169c
Mb1203,Rv1170
Mb1204,Rv1171
Mb1205c,Rv1172c
Mb1206,Rv1173
Mb1207c,Rv1174c
Mb1208c,Rv1175c
Mb1209c,Rv1176c
Mb1210,Rv1177
Mb1211,Rv1178
Mb1212c,Rv1179c
Mb1214,Rv1182
Mb1215,Rv1183
Mb1216c,Rv1184c
Mb1217c,Rv1185c
Mb1218c,Rv1186c
Mb1219,Rv1187
Mb1220,Rv1188
Mb1221,Rv1189
Mb1222,Rv1190
Mb1223,Rv1191
Mb1224,Rv1192
Mb1225,Rv1193
Mb1226c,Rv1194c
Mb1227,Rv1195
Mb1228,Rv1196
Mb1229,Rv1197
Mb1230,Rv1198
Mb1231c,Rv1199c
Mb1232,Rv1200
Mb1233c,Rv1201c
Mb1234,Rv1202
Mb1237,Rv1205
Mb1238,Rv1206
Mb1239,Rv1207
Mb1240,Rv1208
Mb1241,Rv1209
Mb1242,Rv1210
Mb1244c,Rv1212c
Mb1245,Rv1213
Mb1247c,Rv1215c
Mb1248c,Rv1216c
Mb1249c,Rv1217c
Mb1250c,Rv1218c
Mb1251c,Rv1219c
Mb1253,Rv1221
Mb1254,Rv1222
Mb1256,Rv1224
Mb1257c,Rv1225c
Mb1258c,Rv1226c
Mb1259c,Rv1227c
Mb1260,Rv1228
Mb1261c,Rv1229c
Mb1262c,Rv1230c
Mb1263c,Rv1231c
Mb1264c,Rv1232c
Mb1265c,Rv1233c
Mb1266,Rv1234
Mb1267,Rv1235
Mb1268,Rv1236
Mb1269,Rv1237
Mb1270,Rv1238
Mb1271c,Rv1239c
Mb1272,Rv1240
Mb1273,Rv1241
Mb1274,Rv1242
Mb1275c,Rv1243c
Mb1276,Rv1244
Mb1277c,Rv1245c
Mb1278c,Rv1246c
Mb1279c,Rv1247c
Mb1280c,Rv1248c
Mb1281c,Rv1249c
Mb1282,Rv1250
Mb1283c,Rv1251c
Mb1284c,Rv1252c
Mb1285,Rv1253
Mb1286,Rv1254
Mb1288c,Rv1258c
Mb1290,Rv1260
Mb1292c,Rv1261c
Mb1293c,Rv1262c
Mb1294,Rv1263
Mb1295,Rv1264
Mb1296,Rv1265
Mb1298c,Rv1267c
Mb1299c,Rv1268c
Mb1300c,Rv1269c
Mb1301c,Rv1270c
Mb1302c,Rv1271c
Mb1303c,Rv1272c
Mb1304c,Rv1273c
Mb1305,Rv1274
Mb1306,Rv1275
Mb1309,Rv1278
Mb1310,Rv1279
Mb1311c,Rv1280c
Mb1312c,Rv1281c
Mb1313c,Rv1282c
Mb1314c,Rv1283c
Mb1315,Rv1284
Mb1316,Rv1285
Mb1317,Rv1286
Mb1318,Rv1287
Mb1320,Rv1289
Mb1322,Rv1290A
Mb1321c,Rv1290c
Mb1323c,Rv1291c
Mb1324,Rv1292
Mb1325,Rv1293
Mb1326,Rv1294
Mb1327,Rv1295
Mb1328,Rv1296
Mb1329,Rv1297
Mb1330,Rv1298
Mb1331,Rv1299
Mb1332,Rv1300
Mb1333,Rv1301
Mb1334,Rv1302
Mb1335,Rv1303
Mb1336,Rv1304
Mb1337,Rv1305
Mb1338,Rv1306
Mb1339,Rv1307
Mb1340,Rv1308
Mb1341,Rv1309
Mb1342,Rv1310
Mb1343,Rv1311
Mb1344,Rv1312
Mb1347c,Rv1314c
Mb1348,Rv1315
Mb1349c,Rv1316c
Mb1352c,Rv1318c
Mb1353c,Rv1319c
Mb1354c,Rv1320c
Mb1355,Rv1321
Mb1356,Rv1322
Mb1357c,Rv1322A
Mb1359,Rv1324
Mb1360c,Rv1325c
Mb1361c,Rv1326c
Mb1363,Rv1328
Mb1364c,Rv1329c
Mb1365c,Rv1330c
Mb1366,Rv1331
Mb1368,Rv1333
Mb1369,Rv1334
Mb1370,Rv1335
Mb1371,Rv1336
Mb1372,Rv1337
Mb1373,Rv1338
Mb1375,Rv1340
Mb1376,Rv1341
Mb1377c,Rv1342c
Mb1378c,Rv1343c
Mb1380,Rv1345
Mb1381,Rv1346
Mb1382c,Rv1347c
Mb1383,Rv1348
Mb1384,Rv1349
Mb1385,Rv1350
Mb1386,Rv1351
Mb1387,Rv1352
Mb1388c,Rv1353c
Mb1389c,Rv1354c
Mb1390c,Rv1355c
Mb1392c,Rv1357c
Mb1393,Rv1358
Mb1395,Rv1360
Mb1396c,Rv1361c
Mb1397c,Rv1362c
Mb1398c,Rv1363c
Mb1399c,Rv1364c
Mb1400c,Rv1365c
Mb1401,Rv1366
Mb1403,Rv1368
Mb1404,Rv1371
Mb1406,Rv1372
Mb1407,Rv1373
Mb1409c,Rv1374c
Mb1410,Rv1375
Mb1411,Rv1376
Mb1412c,Rv1377c
Mb1414,Rv1379
Mb1415,Rv1380
Mb1416,Rv1381
Mb1417,Rv1382
Mb1418,Rv1383
Mb1419,Rv1384
Mb1420,Rv1385
Mb1421,Rv1386
Mb1422,Rv1387
Mb1424,Rv1389
Mb1425,Rv1390
Mb1426,Rv1391
Mb1427,Rv1392
Mb1428c,Rv1393c
Mb1429c,Rv1394c
Mb1430,Rv1395
Mb1432c,Rv1397c
Mb1433c,Rv1398c
Mb1434c,Rv1399c
Mb1435c,Rv1400c
Mb1437,Rv1402
Mb1438c,Rv1403c
Mb1439,Rv1404
Mb1440c,Rv1405c
Mb1441,Rv1406
Mb1442,Rv1407
Mb1443,Rv1408
Mb1444,Rv1409
Mb1445c,Rv1410c
Mb1446c,Rv1411c
Mb1447,Rv1412
Mb1450,Rv1415
Mb1451,Rv1416
Mb1452,Rv1417
Mb1453,Rv1418
Mb1454,Rv1419
Mb1455,Rv1420
Mb1456,Rv1421
Mb1457,Rv1422
Mb1458,Rv1423
Mb1459c,Rv1424c
Mb1460,Rv1425
Mb1461c,Rv1426c
Mb1462c,Rv1427c
Mb1463c,Rv1428c
Mb1464,Rv1429
Mb1465,Rv1430
Mb1466,Rv1431
Mb1467,Rv1432
Mb1468,Rv1433
Mb1469,Rv1434
Mb1471,Rv1436
Mb1472,Rv1437
Mb1473,Rv1438
Mb1474c,Rv1439c
Mb1475,Rv1440
Mb1476c,Rv1441c
Mb1477,Rv1442
Mb1479c,Rv1444c
Mb1480c,Rv1445c
Mb1481c,Rv1446c
Mb1482c,Rv1447c
Mb1483c,Rv1448c
Mb1484c,Rv1449c
Mb1486,Rv1451
Mb1488,Rv1453
Mb1489c,Rv1454c
Mb1490,Rv1455
Mb1491c,Rv1456c
Mb1492c,Rv1457c
Mb1493c,Rv1458c
Mb1494c,Rv1459c
Mb1495,Rv1460
Mb1496,Rv1461
Mb1497,Rv1462
Mb1498,Rv1463
Mb1499,Rv1464
Mb1500,Rv1465
Mb1501,Rv1466
Mb1502c,Rv1467c
Mb1503c,Rv1468c
Mb1504,Rv1469
Mb1505,Rv1470
Mb1506,Rv1471
Mb1507,Rv1472
Mb1508,Rv1473
Mb1509,Rv1473A
Mb1510c,Rv1474c
Mb1511c,Rv1475c
Mb1512,Rv1476
Mb1513,Rv1477
Mb1514,Rv1478
Mb1515,Rv1479
Mb1516,Rv1480
Mb1517,Rv1481
Mb1518c,Rv1482c
Mb1519,Rv1483
Mb1520,Rv1484
Mb1521,Rv1485
Mb1522c,Rv1486c
Mb1523,Rv1487
Mb1524,Rv1488
Mb1525,Rv1489
Mb1527,Rv1490
Mb1528c,Rv1491c
Mb1529,Rv1492
Mb1530,Rv1493
Mb1531,Rv1494
Mb1532,Rv1495
Mb1533,Rv1496
Mb1534,Rv1497
Mb1538,Rv1500
Mb1539,Rv1501
Mb1540,Rv1502
Mb1543c,Rv1505c
Mb1544,Rv1517
Mb1545,Rv1518
Mb1547,Rv1520
Mb1548,Rv1521
Mb1550,Rv1523
Mb1551,Rv1524
Mb1552,Rv1525
Mb1553c,Rv1526c
Mb1554c,Rv1527c
Mb1555c,Rv1528c
Mb1556,Rv1529
Mb1557,Rv1530
Mb1558,Rv1531
Mb1559c,Rv1532c
Mb1560,Rv1533
Mb1561,Rv1534
Mb1562,Rv1535
Mb1563,Rv1536
Mb1564,Rv1537
Mb1565c,Rv1538c
Mb1566,Rv1539
Mb1567,Rv1540
Mb1568c,Rv1541c
Mb1569c,Rv1542c
Mb1570,Rv1543
Mb1571,Rv1544
Mb1572,Rv1545
Mb1573,Rv1546
Mb1574,Rv1547
Mb1575c,Rv1548c
Mb1577,Rv1551
Mb1578,Rv1552
Mb1580,Rv1555
Mb1581,Rv1556
Mb1584,Rv1558
Mb1585,Rv1559
Mb1587,Rv1561
Mb1588c,Rv1562c
Mb1591c,Rv1564c
Mb1592c,Rv1565c
Mb1593c,Rv1566c
Mb1595,Rv1568
Mb1596,Rv1569
Mb1597,Rv1570
Mb1598,Rv1571
Mb1599,Rv1573
Mb1600,Rv1574
Mb1602c,Rv1576c
Mb1604c,Rv1578c
Mb1605c,Rv1579c
Mb1606c,Rv1580c
Mb1607c,Rv1581c
Mb1608c,Rv1582c
Mb1609c,Rv1583c
Mb1610c,Rv1584c
Mb1611c,Rv1585c
Mb1612c,Rv1586c
Mb1615,Rv1589
Mb1616,Rv1590
Mb1617,Rv1591
Mb1618c,Rv1592c
Mb1619c,Rv1593c
Mb1620,Rv1594
Mb1621,Rv1595
Mb1622,Rv1596
Mb1623,Rv1597
Mb1624c,Rv1598c
Mb1625,Rv1599
Mb1626,Rv1600
Mb1627,Rv1601
Mb1628,Rv1602
Mb1629,Rv1603
Mb1630,Rv1604
Mb1631,Rv1605
Mb1632,Rv1606
Mb1633,Rv1607
Mb1634c,Rv1608c
Mb1635,Rv1609
Mb1636,Rv1610
Mb1637,Rv1611
Mb1639,Rv1613
Mb1640,Rv1614
Mb1641,Rv1615
Mb1642,Rv1616
Mb1643,Rv1617
Mb1644,Rv1618
Mb1645,Rv1619
Mb1646c,Rv1620c
Mb1648c,Rv1622c
Mb1649c,Rv1623c
Mb1650c,Rv1624c
Mb1651c,Rv1625c
Mb1652,Rv1626
Mb1653c,Rv1627c
Mb1654c,Rv1628c
Mb1655,Rv1629
Mb1656,Rv1630
Mb1657,Rv1631
Mb1658c,Rv1632c
Mb1660,Rv1634
Mb1661c,Rv1635c
Mb1662,Rv1636
Mb1664,Rv1638
Mb1665c,Rv1638A
Mb1666c,Rv1639c
Mb1668,Rv1641
Mb1669,Rv1642
Mb1670,Rv1643
Mb1671,Rv1644
Mb1672c,Rv1645c
Mb1673,Rv1646
Mb1675,Rv1648
Mb1677,Rv1650
Mb1680,Rv1652
Mb1681,Rv1653
Mb1682,Rv1654
Mb1683,Rv1655
Mb1684,Rv1656
Mb1685,Rv1657
Mb1686,Rv1658
Mb1687,Rv1659
Mb1688,Rv1660
Mb1689,Rv1661
Mb1692,Rv1664
Mb1693,Rv1665
Mb1694c,Rv1666c
Mb1696,Rv1669
Mb1697,Rv1670
Mb1698,Rv1671
Mb1699c,Rv1672c
Mb1700c,Rv1673c
Mb1701c,Rv1674c
Mb1702c,Rv1675c
Mb1703,Rv1676
Mb1704,Rv1677
Mb1705,Rv1678
Mb1706,Rv1679
Mb1707,Rv1680
Mb1708,Rv1681
Mb1710,Rv1683
Mb1710A,Rv1684
Mb1711c,Rv1685c
Mb1713c,Rv1687c
Mb1714,Rv1688
Mb1715,Rv1689
Mb1717,Rv1691
Mb1718,Rv1692
Mb1719,Rv1693
Mb1720,Rv1694
Mb1721,Rv1695
Mb1722,Rv1696
Mb1723,Rv1697
Mb1724,Rv1698
Mb1725,Rv1699
Mb1726,Rv1700
Mb1727,Rv1701
Mb1728c,Rv1702c
Mb1730c,Rv1704c
Mb1731c,Rv1705c
Mb1733c,Rv1706A
Mb1732c,Rv1706c
Mb1734,Rv1707
Mb1736,Rv1709
Mb1737,Rv1710
Mb1738,Rv1711
Mb1739,Rv1712
Mb1740,Rv1713
Mb1741,Rv1714
Mb1742,Rv1715
Mb1744,Rv1716
Mb1745,Rv1717
Mb1746,Rv1718
Mb1748,Rv1719
Mb1749c,Rv1720c
Mb1750c,Rv1721c
Mb1751,Rv1722
Mb1752,Rv1723
Mb1753c,Rv1724c
Mb1754c,Rv1725c
Mb1755,Rv1726
Mb1756,Rv1727
Mb1757c,Rv1728c
Mb1758c,Rv1729c
Mb1759c,Rv1730c
Mb1760,Rv1731
Mb1761c,Rv1732c
Mb1762c,Rv1733c
Mb1763c,Rv1734c
Mb1765c,Rv1736c
Mb1766c,Rv1737c
Mb1767,Rv1738
Mb1768c,Rv1739c
Mb1769,Rv1740
Mb1770,Rv1741
Mb1771,Rv1742
Mb1772,Rv1743
Mb1773c,Rv1744c
Mb1775,Rv1746
Mb1776,Rv1747
Mb1778c,Rv1749c
Mb1779c,Rv1750c
Mb1782c,Rv1753c
Mb1783c,Rv1754c
Mb1789c,Rv1759c
Mb1792c,Rv1761c
Mb1793c,Rv1762c
Mb1795c,Rv1765A
Mb1795A,Rv1766
Mb1796,Rv1767
Mb1798,Rv1769
Mb1800,Rv1771
Mb1801,Rv1772
Mb1802c,Rv1773c
Mb1803,Rv1774
Mb1804,Rv1775
Mb1805c,Rv1776c
Mb1807c,Rv1778c
Mb1808c,Rv1779c
Mb1809,Rv1780
Mb1810c,Rv1781c
Mb1811,Rv1782
Mb1812,Rv1783
Mb1813c,Rv1785c
Mb1814,Rv1786
Mb1815,Rv1787
Mb1816,Rv1788
Mb1817,Rv1789
Mb1818,Rv1790
Mb1819,Rv1791
Mb1820,Rv1792
Mb1821,Rv1793
Mb1822,Rv1794
Mb1823,Rv1795
Mb1824,Rv1796
Mb1825,Rv1797
Mb1826,Rv1798
Mb1827,Rv1799
Mb1828,Rv1800
Mb1829,Rv1801
Mb1830,Rv1802
Mb1833c,Rv1804c
Mb1834c,Rv1805c
Mb1835,Rv1806
Mb1837,Rv1808
Mb1839,Rv1809
Mb1841,Rv1811
Mb1842c,Rv1812c
Mb1843c,Rv1813c
Mb1845,Rv1815
Mb1848,Rv1817
Mb1849c,Rv1818c
Mb1850c,Rv1819c
Mb1851,Rv1820
Mb1853,Rv1822
Mb1854,Rv1823
Mb1855,Rv1824
Mb1856,Rv1825
Mb1857,Rv1826
Mb1858,Rv1827
Mb1859,Rv1828
Mb1860,Rv1829
Mb1863,Rv1832
Mb1864c,Rv1833c
Mb1865,Rv1834
Mb1866c,Rv1835c
Mb1867c,Rv1836c
Mb1868c,Rv1837c
Mb1869c,Rv1838c
Mb1870c,Rv1839c
Mb1873c,Rv1842c
Mb1874c,Rv1843c
Mb1875c,Rv1844c
Mb1876c,Rv1845c
Mb1877c,Rv1846c
Mb1878,Rv1847
Mb1879,Rv1848
Mb1880,Rv1849
Mb1881,Rv1850
Mb1882,Rv1851
Mb1883,Rv1852
Mb1885c,Rv1854c
Mb1886c,Rv1855c
Mb1887c,Rv1856c
Mb1888,Rv1857
Mb1889,Rv1858
Mb1890,Rv1859
Mb1891,Rv1860
Mb1892,Rv1861
Mb1893,Rv1862
Mb1894c,Rv1863c
Mb1896c,Rv1865c
Mb1898,Rv1867
Mb1899,Rv1868
Mb1900c,Rv1869c
Mb1902c,Rv1871c
Mb1903c,Rv1872c
Mb1904,Rv1873
Mb1906,Rv1875
Mb1907,Rv1876
Mb1908,Rv1877
Mb1910,Rv1878
Mb1911,Rv1879
Mb1912c,Rv1880c
Mb1913c,Rv1881c
Mb1914c,Rv1882c
Mb1916c,Rv1884c
Mb1917c,Rv1885c
Mb1918c,Rv1886c
Mb1919,Rv1887
Mb1924,Rv1891
Mb1925,Rv1892
Mb1926,Rv1893
Mb1927c,Rv1894c
Mb1931c,Rv1896c
Mb1932c,Rv1897c
Mb1933,Rv1898
Mb1935c,Rv1900c
Mb1936,Rv1901
Mb1937c,Rv1902c
Mb1938,Rv1903
Mb1939,Rv1904
Mb1940c,Rv1905c
Mb1941c,Rv1906c
Mb1943c,Rv1908c
Mb1944c,Rv1909c
Mb1945c,Rv1910c
Mb1946c,Rv1911c
Mb1947c,Rv1912c
Mb1948,Rv1913
Mb1949c,Rv1914c
Mb1952c,Rv1918c
Mb1954c,Rv1919c
Mb1955,Rv1920
Mb1956c,Rv1921c
Mb1957,Rv1922
Mb1959c,Rv1924c
Mb1960,Rv1925
Mb1961c,Rv1926c
Mb1962,Rv1927
Mb1963c,Rv1928c
Mb1964c,Rv1929c
Mb1965c,Rv1930c
Mb1967,Rv1932
Mb1968c,Rv1933c
Mb1969c,Rv1934c
Mb1970c,Rv1935c
Mb1971,Rv1936
Mb1972,Rv1937
Mb1973,Rv1938
Mb1975,Rv1940
Mb1976,Rv1941
Mb1977c,Rv1942c
Mb1978c,Rv1943c
Mb1979c,Rv1944c
Mb1980,Rv1945
Mb1981c,Rv1946c
Mb1982,Rv1947
Mb1983c,Rv1948c
Mb1985c,Rv1950c
Mb1986c,Rv1951c
Mb1987,Rv1952
Mb1988,Rv1953
Mb1989c,Rv1954c
Mb1990,Rv1955
Mb1991,Rv1956
Mb1992,Rv1957
Mb1993c,Rv1958c
Mb1994c,Rv1959c
Mb1995c,Rv1960c
Mb1996,Rv1961
Mb1997A,Rv1962A
Mb1997c,Rv1962c
Mb1998c,Rv1963c
Mb2000,Rv1978
Mb2001c,Rv1979c
Mb2002c,Rv1980c
Mb2003c,Rv1981c
Mb2004A,Rv1982A
Mb2004c,Rv1982c
Mb2005,Rv1983
Mb2006c,Rv1984c
Mb2007c,Rv1985c
Mb2008,Rv1986
Mb2009,Rv1987
Mb2010,Rv1988
Mb2011c,Rv1989c
Mb2013c,Rv1990A
Mb2012c,Rv1990c
Mb2014A,Rv1991A
Mb2014c,Rv1991c
Mb2015c,Rv1992c
Mb2016c,Rv1993c
Mb2017c,Rv1994c
Mb2018,Rv1995
Mb2019,Rv1996
Mb2020,Rv1997
Mb2021c,Rv1998c
Mb2022c,Rv1999c
Mb2023,Rv2000
Mb2024,Rv2001
Mb2025,Rv2002
Mb2027c,Rv2004c
Mb2028c,Rv2005c
Mb2029,Rv2006
Mb2030c,Rv2007c
Mb2033,Rv2010
Mb2034c,Rv2011c
Mb2037,Rv2014
Mb2038c,Rv2015c
Mb2039,Rv2016
Mb2040,Rv2017
Mb2041,Rv2018
Mb2042,Rv2019
Mb2043c,Rv2020c
Mb2044c,Rv2021c
Mb2045c,Rv2022c
Mb2046c,Rv2023c
Mb2050c,Rv2025c
Mb2051c,Rv2026c
Mb2052c,Rv2027c
Mb2053c,Rv2028c
Mb2054c,Rv2029c
Mb2055c,Rv2030c
Mb2057c,Rv2031c
Mb2058,Rv2032
Mb2059c,Rv2033c
Mb2060,Rv2034
Mb2061,Rv2035
Mb2062,Rv2036
Mb2063c,Rv2037c
Mb2064c,Rv2038c
Mb2065c,Rv2039c
Mb2066c,Rv2040c
Mb2067c,Rv2041c
Mb2068c,Rv2042c
Mb2069c,Rv2043c
Mb2072,Rv2046
Mb2073c,Rv2047c
Mb2074c,Rv2048c
Mb2076,Rv2050
Mb2077c,Rv2051c
Mb2078c,Rv2052c
Mb2079c,Rv2053c
Mb2080,Rv2054
Mb2081c,Rv2055c
Mb2082c,Rv2056c
Mb2083c,Rv2057c
Mb2084c,Rv2058c
Mb2085,Rv2059
Mb2087c,Rv2061c
Mb2088c,Rv2062c
Mb2089,Rv2063
Mb2089A,Rv2063A
Mb2090,Rv2064
Mb2091,Rv2065
Mb2092,Rv2066
Mb2093c,Rv2067c
Mb2094c,Rv2068c
Mb2095,Rv2069
Mb2096c,Rv2070c
Mb2097c,Rv2071c
Mb2103c,Rv2077A
Mb2102c,Rv2077c
Mb2104,Rv2078
Mb2105,Rv2079
Mb2106,Rv2080
Mb2108,Rv2082
Mb2109,Rv2083
Mb2113,Rv2086
Mb2115,Rv2088
Mb2116c,Rv2089c
Mb2118c,Rv2091c
Mb2119c,Rv2092c
Mb2120c,Rv2093c
Mb2121c,Rv2094c
Mb2122c,Rv2095c
Mb2123c,Rv2096c
Mb2124c,Rv2097c
Mb2127,Rv2101
Mb2129c,Rv2103c
Mb2130c,Rv2104c
Mb2131,Rv2107
Mb2132,Rv2108
Mb2133c,Rv2109c
Mb2134c,Rv2110c
Mb2135c,Rv2111c
Mb2137,Rv2113
Mb2138,Rv2114
Mb2139c,Rv2115c
Mb2140,Rv2116
Mb2141,Rv2117
Mb2142c,Rv2118c
Mb2143,Rv2119
Mb2144c,Rv2120c
Mb2145c,Rv2121c
Mb2146c,Rv2122c
Mb2148c,Rv2124c
Mb2149,Rv2125
Mb2151,Rv2127
Mb2152,Rv2128
Mb2153c,Rv2129c
Mb2154c,Rv2130c
Mb2155c,Rv2131c
Mb2156,Rv2132
Mb2157c,Rv2133c
Mb2158c,Rv2134c
Mb2159c,Rv2135c
Mb2160c,Rv2136c
Mb2162,Rv2138
Mb2163,Rv2139
Mb2164c,Rv2140c
Mb2165c,Rv2141c
Mb2166A,Rv2142A
Mb2166c,Rv2142c
Mb2167,Rv2143
Mb2168c,Rv2144c
Mb2169c,Rv2145c
Mb2170c,Rv2146c
Mb2172c,Rv2148c
Mb2174c,Rv2150c
Mb2175c,Rv2151c
Mb2176c,Rv2152c
Mb2177c,Rv2153c
Mb2178c,Rv2154c
Mb2179c,Rv2155c
Mb2180c,Rv2156c
Mb2181c,Rv2157c
Mb2182c,Rv2158c
Mb2183c,Rv2159c
Mb2185c,Rv2161c
Mb2187c,Rv2163c
Mb2188c,Rv2164c
Mb2189c,Rv2165c
Mb2190c,Rv2166c
Mb2191c,Rv2169c
Mb2192,Rv2170
Mb2193,Rv2171
Mb2194c,Rv2172c
Mb2195,Rv2173
Mb2196,Rv2174
Mb2198,Rv2176
Mb2200c,Rv2178c
Mb2201c,Rv2179c
Mb2202c,Rv2180c
Mb2203,Rv2181
Mb2204c,Rv2182c
Mb2205c,Rv2183c
Mb2207c,Rv2185c
Mb2208c,Rv2186c
Mb2209,Rv2187
Mb2211c,Rv2188c
Mb2212c,Rv2189c
Mb2213c,Rv2190c
Mb2214,Rv2191
Mb2216,Rv2193
Mb2217,Rv2194
Mb2218,Rv2195
Mb2219,Rv2196
Mb2220c,Rv2197c
Mb2221c,Rv2198c
Mb2222c,Rv2199c
Mb2223c,Rv2200c
Mb2224,Rv2201
Mb2225c,Rv2202c
Mb2226,Rv2203
Mb2227c,Rv2204c
Mb2228c,Rv2205c
Mb2229,Rv2206
Mb2230,Rv2207
Mb2231,Rv2208
Mb2232,Rv2209
Mb2233c,Rv2210c
Mb2235,Rv2212
Mb2236,Rv2213
Mb2237c,Rv2214c
Mb2238,Rv2215
Mb2239,Rv2216
Mb2240,Rv2217
Mb2241,Rv2218
Mb2242,Rv2219
Mb2243c,Rv2219A
Mb2244,Rv2220
Mb2245c,Rv2221c
Mb2246c,Rv2222c
Mb2247c,Rv2223c
Mb2248c,Rv2224c
Mb2249,Rv2225
Mb2250,Rv2226
Mb2251,Rv2227
Mb2253c,Rv2228c
Mb2254c,Rv2229c
Mb2255c,Rv2230c
Mb2256A,Rv2231A
Mb2256B,Rv2231B
Mb2256c,Rv2231c
Mb2258,Rv2234
Mb2259,Rv2235
Mb2260c,Rv2236c
Mb2262c,Rv2238c
Mb2264c,Rv2240c
Mb2266,Rv2242
Mb2267,Rv2243
Mb2268,Rv2244
Mb2269,Rv2245
Mb2271,Rv2247
Mb2273c,Rv2249c
Mb2274c,Rv2250c
Mb2276,Rv2252
Mb2277,Rv2253
Mb2278c,Rv2254c
Mb2279c,Rv2255c
Mb2281c,Rv2257c
Mb2282c,Rv2258c
Mb2283,Rv2259
Mb2284,Rv2260
Mb2286,Rv2263
Mb2287c,Rv2264c
Mb2288,Rv2265
Mb2289,Rv2266
Mb2290c,Rv2267c
Mb2291c,Rv2268c
Mb2292c,Rv2269c
Mb2293,Rv2270
Mb2294,Rv2271
Mb2295,Rv2272
Mb2296,Rv2273
Mb2297c,Rv2274c
Mb2298,Rv2275
Mb2299,Rv2276
Mb2300c,Rv2277c
Mb2301,Rv2280
Mb2302,Rv2281
Mb2303c,Rv2282c
Mb2304,Rv2283
Mb2305,Rv2284
Mb2306,Rv2285
Mb2307c,Rv2286c
Mb2310,Rv2288
Mb2311,Rv2289
Mb2312,Rv2290
Mb2314,Rv2291
Mb2316,Rv2294
Mb2317,Rv2295
Mb2318,Rv2296
Mb2319,Rv2297
Mb2320,Rv2298
Mb2321c,Rv2299c
Mb2323,Rv2301
Mb2324,Rv2302
Mb2325c,Rv2303c
Mb2326c,Rv2304c
Mb2327,Rv2305
Mb2331c,Rv2307A
Mb2332c,Rv2307B
Mb2333c,Rv2307D
Mb2330c,Rv2307c
Mb2334,Rv2308
Mb2336,Rv2309A
Mb2335c,Rv2309c
Mb2337,Rv2310
Mb2339,Rv2312
Mb2340c,Rv2313c
Mb2341c,Rv2314c
Mb2342c,Rv2315c
Mb2343,Rv2316
Mb2344,Rv2317
Mb2345,Rv2318
Mb2346c,Rv2319c
Mb2347c,Rv2320c
Mb2348c,Rv2321c
Mb2349c,Rv2322c
Mb2351,Rv2324
Mb2352c,Rv2325c
Mb2353c,Rv2326c
Mb2354,Rv2327
Mb2355,Rv2328
Mb2356c,Rv2329c
Mb2357c,Rv2330c
Mb2358,Rv2331
Mb2360,Rv2332
Mb2362,Rv2334
Mb2363,Rv2335
Mb2364,Rv2336
Mb2365c,Rv2337c
Mb2366c,Rv2338c
Mb2368,Rv2339
Mb2369c,Rv2340c
Mb2370,Rv2341
Mb2371,Rv2342
Mb2372c,Rv2343c
Mb2373c,Rv2344c
Mb2374,Rv2345
Mb2377c,Rv2356c
Mb2378c,Rv2357c
Mb2379,Rv2358
Mb2380,Rv2359
Mb2381c,Rv2360c
Mb2382c,Rv2361c
Mb2383c,Rv2362c
Mb2384,Rv2363
Mb2385c,Rv2364c
Mb2386c,Rv2365c
Mb2387c,Rv2366c
Mb2389c,Rv2368c
Mb2390c,Rv2369c
Mb2391c,Rv2370c
Mb2393c,Rv2372c
Mb2394c,Rv2373c
Mb2395c,Rv2374c
Mb2396,Rv2375
Mb2397c,Rv2376c
Mb2398c,Rv2377c
Mb2399c,Rv2378c
Mb2402c,Rv2381c
Mb2403c,Rv2382c
Mb2404c,Rv2383c
Mb2405,Rv2384
Mb2407c,Rv2386c
Mb2408,Rv2387
Mb2410c,Rv2389c
Mb2411c,Rv2390c
Mb2413,Rv2392
Mb2414,Rv2393
Mb2415,Rv2394
Mb2416,Rv2395
Mb2417A,Rv2395A
Mb2417B,Rv2395B
Mb2418,Rv2396
Mb2419c,Rv2397c
Mb2420c,Rv2398c
Mb2421c,Rv2399c
Mb2422c,Rv2400c
Mb2423,Rv2401
Mb2424c,Rv2401A
Mb2426c,Rv2403c
Mb2427c,Rv2404c
Mb2429c,Rv2406c
Mb2432c,Rv2409c
Mb2433c,Rv2410c
Mb2434c,Rv2411c
Mb2435,Rv2412
Mb2436c,Rv2413c
Mb2437c,Rv2414c
Mb2438c,Rv2415c
Mb2440c,Rv2417c
Mb2441c,Rv2418c
Mb2442c,Rv2419c
Mb2443c,Rv2420c
Mb2444c,Rv2421c
Mb2445,Rv2422
Mb2446,Rv2423
Mb2449c,Rv2425c
Mb2450c,Rv2426c
Mb2451c,Rv2427c
Mb2454,Rv2428
Mb2455,Rv2429
Mb2456c,Rv2430c
Mb2457c,Rv2431c
Mb2458c,Rv2432c
Mb2459c,Rv2433c
Mb2460c,Rv2434c
Mb2461c,Rv2435c
Mb2462,Rv2436
Mb2463,Rv2437
Mb2464c,Rv2438c
Mb2466c,Rv2439c
Mb2467c,Rv2440c
Mb2468c,Rv2441c
Mb2469c,Rv2442c
Mb2470,Rv2443
Mb2471c,Rv2444c
Mb2472c,Rv2445c
Mb2473c,Rv2446c
Mb2474c,Rv2447c
Mb2476c,Rv2449c
Mb2477c,Rv2450c
Mb2478,Rv2451
Mb2479c,Rv2452c
Mb2480c,Rv2453c
Mb2481c,Rv2454c
Mb2482c,Rv2455c
Mb2483c,Rv2456c
Mb2484c,Rv2457c
Mb2485,Rv2458
Mb2486,Rv2459
Mb2487c,Rv2460c
Mb2488c,Rv2461c
Mb2489c,Rv2462c
Mb2490,Rv2463
Mb2491c,Rv2464c
Mb2492c,Rv2465c
Mb2493c,Rv2466c
Mb2494,Rv2467
Mb2495A,Rv2468A
Mb2496c,Rv2469c
Mb2497,Rv2470
Mb2498,Rv2471
Mb2499,Rv2472
Mb2500,Rv2473
Mb2501c,Rv2474c
Mb2502c,Rv2475c
Mb2503c,Rv2476c
Mb2504c,Rv2477c
Mb2506c,Rv2481c
Mb2507c,Rv2482c
Mb2508c,Rv2483c
Mb2509c,Rv2484c
Mb2510c,Rv2485c
Mb2511,Rv2486
Mb2512c,Rv2487c
Mb2516c,Rv2489c
Mb2517c,Rv2490c
Mb2519,Rv2491
Mb2520,Rv2492
Mb2521,Rv2493
Mb2522,Rv2494
Mb2523c,Rv2495c
Mb2524c,Rv2496c
Mb2525c,Rv2497c
Mb2526c,Rv2498c
Mb2527c,Rv2499c
Mb2528c,Rv2500c
Mb2529c,Rv2501c
Mb2530c,Rv2502c
Mb2531c,Rv2503c
Mb2532c,Rv2504c
Mb2533c,Rv2505c
Mb2534,Rv2506
Mb2535,Rv2507
Mb2536c,Rv2508c
Mb2537,Rv2509
Mb2538c,Rv2510c
Mb2539,Rv2511
Mb2540c,Rv2512c
Mb2542,Rv2513
Mb2543c,Rv2514c
Mb2544c,Rv2515c
Mb2545c,Rv2516c
Mb2546c,Rv2517c
Mb2547c,Rv2518c
Mb2548,Rv2519
Mb2549c,Rv2520c
Mb2550,Rv2521
Mb2551c,Rv2522c
Mb2552c,Rv2523c
Mb2553c,Rv2524c
Mb2554c,Rv2525c
Mb2555,Rv2526
Mb2556,Rv2527
Mb2557c,Rv2528c
Mb2559Ac,Rv2530A
Mb2559c,Rv2530c
Mb2560c,Rv2531c
Mb2561c,Rv2532c
Mb2562c,Rv2533c
Mb2563c,Rv2534c
Mb2564c,Rv2535c
Mb2565,Rv2536
Mb2566c,Rv2537c
Mb2567c,Rv2538c
Mb2568c,Rv2539c
Mb2569c,Rv2540c
Mb2571,Rv2542
Mb2572,Rv2543
Mb2575,Rv2545
Mb2576,Rv2546
Mb2577,Rv2547
Mb2578,Rv2548
Mb2578A,Rv2548A
Mb2579c,Rv2549c
Mb2580c,Rv2550c
Mb2581c,Rv2551c
Mb2583c,Rv2553c
Mb2584c,Rv2554c
Mb2585c,Rv2555c
Mb2586c,Rv2556c
Mb2589c,Rv2559c
Mb2590,Rv2560
Mb2592,Rv2563
Mb2593,Rv2564
Mb2594,Rv2565
Mb2597,Rv2567
Mb2598c,Rv2568c
Mb2599c,Rv2569c
Mb2600,Rv2570
Mb2601c,Rv2571c
Mb2604,Rv2574
Mb2605,Rv2575
Mb2606c,Rv2576c
Mb2607,Rv2577
Mb2609c,Rv2578c
Mb2610,Rv2579
Mb2611c,Rv2580c
Mb2612c,Rv2581c
Mb2614c,Rv2583c
Mb2615c,Rv2584c
Mb2616c,Rv2585c
Mb2617c,Rv2586c
Mb2618c,Rv2587c
Mb2619c,Rv2588c
Mb2620,Rv2589
Mb2622,Rv2591
Mb2623c,Rv2592c
Mb2624c,Rv2593c
Mb2625c,Rv2594c
Mb2626,Rv2595
Mb2627,Rv2596
Mb2628,Rv2597
Mb2629,Rv2598
Mb2630,Rv2599
Mb2632,Rv2601
Mb2633,Rv2601A
Mb2634,Rv2602
Mb2635c,Rv2603c
Mb2636c,Rv2604c
Mb2637c,Rv2605c
Mb2638c,Rv2606c
Mb2639,Rv2607
Mb2640,Rv2608
Mb2641c,Rv2609c
Mb2642c,Rv2610c
Mb2643c,Rv2611c
Mb2644c,Rv2612c
Mb2645c,Rv2613c
Mb2647,Rv2614A
Mb2646c,Rv2614c
Mb2648c,Rv2615c
Mb2649,Rv2616
Mb2650c,Rv2617c
Mb2652c,Rv2619c
Mb2653c,Rv2620c
Mb2654c,Rv2621c
Mb2655,Rv2622
Mb2656,Rv2623
Mb2658c,Rv2625c
Mb2659c,Rv2626c
Mb2660c,Rv2627c
Mb2662,Rv2629
Mb2663,Rv2630
Mb2665c,Rv2632c
Mb2666c,Rv2633c
Mb2667c,Rv2634c
Mb2668,Rv2635
Mb2669,Rv2636
Mb2670,Rv2637
Mb2671,Rv2638
Mb2672c,Rv2639c
Mb2673c,Rv2640c
Mb2674,Rv2641
Mb2675,Rv2642
Mb2676,Rv2643
Mb2678c,Rv2660c
Mb2679c,Rv2661c
Mb2680,Rv2662
Mb2681,Rv2663
Mb2682,Rv2664
Mb2684,Rv2665
Mb2686,Rv2667
Mb2687,Rv2668
Mb2688,Rv2669
Mb2689c,Rv2670c
Mb2690,Rv2671
Mb2691,Rv2672
Mb2692,Rv2673
Mb2693,Rv2674
Mb2694c,Rv2675c
Mb2695c,Rv2676c
Mb2696c,Rv2677c
Mb2697c,Rv2678c
Mb2698,Rv2679
Mb2699,Rv2680
Mb2700,Rv2681
Mb2701c,Rv2682c
Mb2703,Rv2684
Mb2704,Rv2685
Mb2705c,Rv2686c
Mb2706c,Rv2687c
Mb2707c,Rv2688c
Mb2708c,Rv2689c
Mb2710,Rv2691
Mb2711,Rv2692
Mb2712c,Rv2693c
Mb2713c,Rv2694c
Mb2714,Rv2695
Mb2715c,Rv2696c
Mb2716c,Rv2697c
Mb2717,Rv2698
Mb2718c,Rv2699c
Mb2719,Rv2700
Mb2720c,Rv2701c
Mb2721,Rv2702
Mb2722,Rv2703
Mb2723,Rv2704
Mb2724c,Rv2705c
Mb2725c,Rv2706c
Mb2726,Rv2707
Mb2727c,Rv2708c
Mb2728,Rv2709
Mb2729,Rv2710
Mb2730,Rv2711
Mb2731c,Rv2712c
Mb2732,Rv2713
Mb2733,Rv2714
Mb2734,Rv2715
Mb2735,Rv2716
Mb2736c,Rv2717c
Mb2737c,Rv2718c
Mb2738c,Rv2719c
Mb2739,Rv2720
Mb2740c,Rv2721c
Mb2741,Rv2722
Mb2742,Rv2723
Mb2743c,Rv2724c
Mb2745c,Rv2726c
Mb2746c,Rv2727c
Mb2747c,Rv2728c
Mb2748c,Rv2729c
Mb2749,Rv2730
Mb2750,Rv2731
Mb2751c,Rv2732c
Mb2752c,Rv2733c
Mb2753,Rv2734
Mb2754c,Rv2735c
Mb2755c,Rv2736c
Mb2757,Rv2737A
Mb2756c,Rv2737c
Mb2758c,Rv2738c
Mb2759c,Rv2739c
Mb2760,Rv2740
Mb2764c,Rv2743c
Mb2765c,Rv2744c
Mb2766c,Rv2745c
Mb2768,Rv2747
Mb2769c,Rv2748c
Mb2770,Rv2749
Mb2771,Rv2750
Mb2772,Rv2751
Mb2773c,Rv2752c
Mb2774c,Rv2753c
Mb2775c,Rv2754c
Mb2776c,Rv2755c
Mb2777c,Rv2756c
Mb2778c,Rv2757c
Mb2779c,Rv2758c
Mb2780c,Rv2759c
Mb2781c,Rv2760c
Mb2782c,Rv2761c
Mb2784c,Rv2762c
Mb2785c,Rv2763c
Mb2786c,Rv2764c
Mb2787,Rv2765
Mb2788c,Rv2766c
Mb2789c,Rv2767c
Mb2790c,Rv2768c
Mb2791c,Rv2769c
Mb2792c,Rv2770c
Mb2793c,Rv2771c
Mb2794c,Rv2772c
Mb2795c,Rv2773c
Mb2796c,Rv2774c
Mb2799c,Rv2777c
Mb2800c,Rv2778c
Mb2802,Rv2780
Mb2804c,Rv2781c
Mb2805c,Rv2782c
Mb2806c,Rv2783c
Mb2807c,Rv2784c
Mb2808c,Rv2785c
Mb2810,Rv2787
Mb2811,Rv2788
Mb2812c,Rv2789c
Mb2813c,Rv2790c
Mb2814c,Rv2791c
Mb2815c,Rv2792c
Mb2816c,Rv2793c
Mb2817c,Rv2794c
Mb2818c,Rv2795c
Mb2819c,Rv2796c
Mb2820c,Rv2797c
Mb2821c,Rv2798c
Mb2823,Rv2800
Mb2824A,Rv2801A
Mb2824c,Rv2801c
Mb2825c,Rv2802c
Mb2828,Rv2805
Mb2829,Rv2806
Mb2831,Rv2808
Mb2832,Rv2809
Mb2834,Rv2811
Mb2835,Rv2812
Mb2837,Rv2813
Mb2840c,Rv2816c
Mb2841c,Rv2817c
Mb2843c,Rv2819c
Mb2844c,Rv2820c
Mb2845c,Rv2821c
Mb2846c,Rv2822c
Mb2847c,Rv2823c
Mb2850c,Rv2826c
Mb2851c,Rv2827c
Mb2852A,Rv2828A
Mb2852c,Rv2828c
Mb2853c,Rv2829c
Mb2854c,Rv2830c
Mb2855,Rv2831
Mb2856c,Rv2832c
Mb2857c,Rv2833c
Mb2858c,Rv2834c
Mb2859c,Rv2835c
Mb2861c,Rv2836c
Mb2862c,Rv2837c
Mb2863c,Rv2838c
Mb2864c,Rv2839c
Mb2866c,Rv2841c
Mb2867c,Rv2842c
Mb2868,Rv2843
Mb2869,Rv2844
Mb2870c,Rv2845c
Mb2871c,Rv2846c
Mb2872c,Rv2847c
Mb2873c,Rv2848c
Mb2874c,Rv2849c
Mb2875c,Rv2850c
Mb2876c,Rv2851c
Mb2877c,Rv2852c
Mb2878,Rv2853
Mb2879,Rv2854
Mb2880,Rv2855
Mb2881,Rv2856
Mb2882c,Rv2857c
Mb2883c,Rv2858c
Mb2884c,Rv2859c
Mb2885c,Rv2860c
Mb2886c,Rv2861c
Mb2887A,Rv2862A
Mb2887c,Rv2862c
Mb2888,Rv2863
Mb2889c,Rv2864c
Mb2890,Rv2865
Mb2891,Rv2866
Mb2892c,Rv2867c
Mb2893c,Rv2868c
Mb2894c,Rv2869c
Mb2895c,Rv2870c
Mb2896,Rv2871
Mb2897,Rv2872
Mb2898,Rv2873
Mb2900,Rv2875
Mb2902c,Rv2877c
Mb2903c,Rv2878c
Mb2905c,Rv2881c
Mb2906c,Rv2882c
Mb2907c,Rv2883c
Mb2908,Rv2884
Mb2909c,Rv2885c
Mb2911,Rv2887
Mb2912c,Rv2888c
Mb2913c,Rv2889c
Mb2914c,Rv2890c
Mb2916c,Rv2892c
Mb2917,Rv2893
Mb2918c,Rv2894c
Mb2919c,Rv2895c
Mb2920c,Rv2896c
Mb2921c,Rv2897c
Mb2922c,Rv2898c
Mb2923c,Rv2899c
Mb2924c,Rv2900c
Mb2925c,Rv2901c
Mb2926c,Rv2902c
Mb2927c,Rv2903c
Mb2928c,Rv2904c
Mb2929,Rv2905
Mb2930c,Rv2906c
Mb2931c,Rv2907c
Mb2932c,Rv2908c
Mb2933c,Rv2909c
Mb2935,Rv2911
Mb2936c,Rv2912c
Mb2937c,Rv2913c
Mb2938c,Rv2914c
Mb2939c,Rv2915c
Mb2940c,Rv2916c
Mb2942c,Rv2918c
Mb2943c,Rv2919c
Mb2944c,Rv2920c
Mb2945c,Rv2921c
Mb2947c,Rv2922A
Mb2946c,Rv2922c
Mb2948c,Rv2923c
Mb2949c,Rv2924c
Mb2950c,Rv2925c
Mb2952c,Rv2927c
Mb2953,Rv2928
Mb2954,Rv2929
Mb2955,Rv2930
Mb2956,Rv2931
Mb2957,Rv2932
Mb2958,Rv2933
Mb2959,Rv2934
Mb2960,Rv2935
Mb2961,Rv2936
Mb2962,Rv2937
Mb2963,Rv2938
Mb2964,Rv2939
Mb2965c,Rv2940c
Mb2966,Rv2941
Mb2967,Rv2942
Mb2968,Rv2943
Mb2970c,Rv2945c
Mb2972c,Rv2948c
Mb2973c,Rv2949c
Mb2975c,Rv2951c
Mb2976,Rv2952
Mb2977,Rv2953
Mb2978c,Rv2954c
Mb2979c,Rv2955c
Mb2980,Rv2956
Mb2981,Rv2957
Mb2982c,Rv2958c
Mb2983c,Rv2959c
Mb2984c,Rv2960c
Mb2986c,Rv2962c
Mb2987,Rv2963
Mb2988,Rv2964
Mb2989c,Rv2965c
Mb2990c,Rv2966c
Mb2991c,Rv2967c
Mb2992c,Rv2968c
Mb2993c,Rv2969c
Mb2995,Rv2970A
Mb2994c,Rv2970c
Mb2996,Rv2971
Mb2997c,Rv2972c
Mb2998c,Rv2973c
Mb3000c,Rv2976c
Mb3001c,Rv2977c
Mb3002c,Rv2978c
Mb3003c,Rv2979c
Mb3004,Rv2980
Mb3005c,Rv2981c
Mb3006c,Rv2982c
Mb3007,Rv2983
Mb3008,Rv2984
Mb3009,Rv2985
Mb3010c,Rv2986c
Mb3011c,Rv2987c
Mb3012c,Rv2988c
Mb3013,Rv2989
Mb3014c,Rv2990c
Mb3015,Rv2991
Mb3016c,Rv2992c
Mb3019c,Rv2995c
Mb3020c,Rv2996c
Mb3021,Rv2997
Mb3024,Rv2999
Mb3025,Rv3000
Mb3026c,Rv3001c
Mb3027c,Rv3002c
Mb3028c,Rv3003c
Mb3030c,Rv3005c
Mb3031,Rv3006
Mb3032c,Rv3007c
Mb3033,Rv3008
Mb3034c,Rv3009c
Mb3035c,Rv3010c
Mb3036c,Rv3011c
Mb3037c,Rv3012c
Mb3038,Rv3013
Mb3039c,Rv3014c
Mb3040c,Rv3015c
Mb3041,Rv3016
Mb3042c,Rv3017c
Mb3043c,Rv3018c
Mb3045c,Rv3019c
Mb3046c,Rv3020c
Mb3048c,Rv3022A
Mb3049c,Rv3023c
Mb3050c,Rv3024c
Mb3051c,Rv3025c
Mb3052c,Rv3026c
Mb3053c,Rv3027c
Mb3054c,Rv3028c
Mb3055c,Rv3029c
Mb3056,Rv3030
Mb3057,Rv3031
Mb3058,Rv3032
Mb3058A,Rv3032A
Mb3059,Rv3033
Mb3062c,Rv3036c
Mb3064c,Rv3038c
Mb3065c,Rv3039c
Mb3066c,Rv3040c
Mb3067c,Rv3041c
Mb3068c,Rv3042c
Mb3069c,Rv3043c
Mb3070,Rv3044
Mb3071,Rv3045
Mb3072c,Rv3046c
Mb3073c,Rv3047c
Mb3074c,Rv3048c
Mb3075c,Rv3049c
Mb3076c,Rv3050c
Mb3078c,Rv3052c
Mb3079c,Rv3053c
Mb3080c,Rv3054c
Mb3081,Rv3055
Mb3082,Rv3056
Mb3083c,Rv3057c
Mb3084c,Rv3058c
Mb3085,Rv3059
Mb3086c,Rv3060c
Mb3087c,Rv3061c
Mb3089,Rv3062
Mb3090,Rv3063
Mb3091c,Rv3064c
Mb3092,Rv3065
Mb3093,Rv3066
Mb3095c,Rv3068c
Mb3096,Rv3069
Mb3097,Rv3070
Mb3098,Rv3071
Mb3100c,Rv3073c
Mb3101,Rv3074
Mb3102c,Rv3075c
Mb3103,Rv3076
Mb3104,Rv3077
Mb3105,Rv3078
Mb3106c,Rv3079c
Mb3107c,Rv3080c
Mb3108,Rv3081
Mb3109c,Rv3082c
Mb3110,Rv3083
Mb3111,Rv3084
Mb3112,Rv3085
Mb3113,Rv3086
Mb3114,Rv3087
Mb3115,Rv3088
Mb3116,Rv3089
Mb3117,Rv3090
Mb3118,Rv3091
Mb3119c,Rv3092c
Mb3120c,Rv3093c
Mb3121c,Rv3094c
Mb3122,Rv3095
Mb3123,Rv3096
Mb3124c,Rv3097c
Mb3125A,Rv3098A
Mb3125c,Rv3098c
Mb3126c,Rv3099c
Mb3127c,Rv3100c
Mb3128c,Rv3101c
Mb3129c,Rv3102c
Mb3130c,Rv3103c
Mb3131c,Rv3104c
Mb3133,Rv3106
Mb3134c,Rv3107c
Mb3136,Rv3109
Mb3137,Rv3110
Mb3138,Rv3111
Mb3139,Rv3112
Mb3140,Rv3113
Mb3141,Rv3114
Mb3142,Rv3115
Mb3143,Rv3116
Mb3146,Rv3123
Mb3147,Rv3124
Mb3148c,Rv3125c
Mb3150,Rv3127
Mb3153,Rv3129
Mb3154c,Rv3130c
Mb3155,Rv3131
Mb3156c,Rv3132c
Mb3157c,Rv3133c
Mb3158c,Rv3134c
Mb3160,Rv3136
Mb3160A,Rv3136A
Mb3161,Rv3137
Mb3162,Rv3138
Mb3163,Rv3139
Mb3164,Rv3140
Mb3165,Rv3141
Mb3166c,Rv3142c
Mb3167,Rv3143
Mb3168c,Rv3144c
Mb3169,Rv3145
Mb3170,Rv3146
Mb3171,Rv3147
Mb3172,Rv3148
Mb3173,Rv3149
Mb3174,Rv3150
Mb3176,Rv3152
Mb3177,Rv3153
Mb3178,Rv3154
Mb3179,Rv3155
Mb3180,Rv3156
Mb3181,Rv3157
Mb3182,Rv3158
Mb3185c,Rv3160c
Mb3186c,Rv3161c
Mb3187c,Rv3162c
Mb3188c,Rv3163c
Mb3189c,Rv3164c
Mb3190c,Rv3165c
Mb3191c,Rv3166c
Mb3192c,Rv3167c
Mb3193,Rv3168
Mb3194,Rv3169
Mb3195,Rv3170
Mb3198c,Rv3173c
Mb3199,Rv3174
Mb3200,Rv3175
Mb3201c,Rv3176c
Mb3203,Rv3177
Mb3205,Rv3179
Mb3206c,Rv3180c
Mb3207c,Rv3181c
Mb3208,Rv3182
Mb3209,Rv3183
Mb3210,Rv3188
Mb3211,Rv3189
Mb3212A,Rv3190A
Mb3212c,Rv3190c
Mb3213c,Rv3191c
Mb3214,Rv3192
Mb3215c,Rv3193c
Mb3216c,Rv3194c
Mb3217,Rv3195
Mb3220,Rv3197
Mb3221c,Rv3197A
Mb3223,Rv3198A
Mb3222c,Rv3198c
Mb3224c,Rv3199c
Mb3225c,Rv3200c
Mb3226c,Rv3201c
Mb3227c,Rv3202c
Mb3229,Rv3204
Mb3231c,Rv3206c
Mb3233,Rv3208
Mb3234c,Rv3208A
Mb3235,Rv3209
Mb3236c,Rv3210c
Mb3237,Rv3211
Mb3238,Rv3212
Mb3239c,Rv3213c
Mb3240,Rv3214
Mb3241,Rv3215
Mb3242,Rv3216
Mb3243c,Rv3217c
Mb3244,Rv3218
Mb3245,Rv3219
Mb3246c,Rv3220c
Mb3248c,Rv3221A
Mb3247c,Rv3221c
Mb3249c,Rv3222c
Mb3250c,Rv3223c
Mb3251,Rv3224
Mb3253,Rv3224B
Mb3254c,Rv3225c
Mb3255c,Rv3226c
Mb3256,Rv3227
Mb3257,Rv3228
Mb3258c,Rv3229c
Mb3259c,Rv3230c
Mb3260c,Rv3231c
Mb3264c,Rv3236c
Mb3265c,Rv3237c
Mb3266c,Rv3238c
Mb3267c,Rv3239c
Mb3268c,Rv3240c
Mb3269c,Rv3241c
Mb3270c,Rv3242c
Mb3271c,Rv3243c
Mb3273c,Rv3245c
Mb3274c,Rv3246c
Mb3275c,Rv3247c
Mb3276c,Rv3248c
Mb3277c,Rv3249c
Mb3278c,Rv3250c
Mb3279c,Rv3251c
Mb3280c,Rv3252c
Mb3281c,Rv3253c
Mb3282,Rv3254
Mb3283c,Rv3255c
Mb3284c,Rv3256c
Mb3285c,Rv3257c
Mb3287,Rv3259
Mb3288c,Rv3260c
Mb3289,Rv3261
Mb3290,Rv3262
Mb3291,Rv3263
Mb3292c,Rv3264c
Mb3294c,Rv3266c
Mb3295,Rv3267
Mb3297,Rv3269
Mb3298,Rv3270
Mb3299c,Rv3271c
Mb3300,Rv3272
Mb3302c,Rv3274c
Mb3303c,Rv3275c
Mb3304c,Rv3276c
Mb3306c,Rv3278c
Mb3307c,Rv3279c
Mb3308,Rv3280
Mb3310,Rv3282
Mb3311,Rv3283
Mb3312,Rv3284
Mb3313,Rv3285
Mb3314c,Rv3286c
Mb3315c,Rv3287c
Mb3317c,Rv3289c
Mb3318c,Rv3290c
Mb3319c,Rv3291c
Mb3320,Rv3292
Mb3321,Rv3293
Mb3323,Rv3295
Mb3324,Rv3296
Mb3325,Rv3297
Mb3326c,Rv3298c
Mb3327c,Rv3299c
Mb3328c,Rv3300c
Mb3329c,Rv3301c
Mb3330c,Rv3302c
Mb3332,Rv3304
Mb3333c,Rv3305c
Mb3334c,Rv3306c
Mb3335,Rv3307
Mb3336,Rv3308
Mb3337c,Rv3309c
Mb3338,Rv3310
Mb3339,Rv3311
Mb3341c,Rv3312A
Mb3340c,Rv3312c
Mb3342c,Rv3313c
Mb3343c,Rv3314c
Mb3344c,Rv3315c
Mb3346,Rv3317
Mb3347,Rv3318
Mb3348,Rv3319
Mb3349c,Rv3320c
Mb3350c,Rv3321c
Mb3351c,Rv3322c
Mb3352c,Rv3323c
Mb3353c,Rv3324c
Mb3360,Rv3327
Mb3361c,Rv3328c
Mb3363,Rv3330
Mb3364,Rv3331
Mb3365,Rv3332
Mb3366c,Rv3333c
Mb3367,Rv3334
Mb3368c,Rv3335c
Mb3369c,Rv3336c
Mb3371c,Rv3339c
Mb3372,Rv3340
Mb3373,Rv3341
Mb3374,Rv3342
Mb3378c,Rv3346c
Mb3381,Rv3348
Mb3382c,Rv3349c
Mb3389,Rv3354
Mb3390c,Rv3355c
Mb3391c,Rv3356c
Mb3392,Rv3357
Mb3393,Rv3358
Mb3395,Rv3360
Mb3396c,Rv3361c
Mb3397c,Rv3362c
Mb3398c,Rv3363c
Mb3399c,Rv3364c
Mb3400c,Rv3365c
Mb3401,Rv3366
Mb3403c,Rv3368c
Mb3406,Rv3371
Mb3407,Rv3372
Mb3409,Rv3375
Mb3410,Rv3376
Mb3411c,Rv3377c
Mb3412c,Rv3378c
Mb3414c,Rv3382c
Mb3415c,Rv3383c
Mb3416c,Rv3384c
Mb3421c,Rv3389c
Mb3422,Rv3390
Mb3423,Rv3391
Mb3424c,Rv3392c
Mb3425,Rv3393
Mb3426c,Rv3394c
Mb3427c,Rv3395c
Mb3429c,Rv3396c
Mb3430c,Rv3397c
Mb3431c,Rv3398c
Mb3433,Rv3400
Mb3434,Rv3401
Mb3436c,Rv3402c
Mb3437c,Rv3403c
Mb3438c,Rv3404c
Mb3439c,Rv3405c
Mb3440,Rv3406
Mb3442,Rv3408
Mb3443c,Rv3409c
Mb3444c,Rv3410c
Mb3445c,Rv3411c
Mb3446,Rv3412
Mb3447c,Rv3413c
Mb3449c,Rv3415c
Mb3450,Rv3416
Mb3451c,Rv3417c
Mb3452c,Rv3418c
Mb3453c,Rv3419c
Mb3454c,Rv3420c
Mb3455c,Rv3421c
Mb3456c,Rv3422c
Mb3458c,Rv3424c
Mb3461c,Rv3431c
Mb3462c,Rv3432c
Mb3463c,Rv3433c
Mb3464c,Rv3434c
Mb3465c,Rv3435c
Mb3466c,Rv3436c
Mb3467,Rv3437
Mb3468,Rv3438
Mb3469c,Rv3439c
Mb3470c,Rv3440c
Mb3471c,Rv3441c
Mb3472c,Rv3442c
Mb3473c,Rv3443c
Mb3474c,Rv3444c
Mb3475c,Rv3445c
Mb3476c,Rv3446c
Mb3477c,Rv3447c
Mb3478,Rv3448
Mb3479,Rv3449
Mb3480c,Rv3450c
Mb3481,Rv3451
Mb3482,Rv3452
Mb3485c,Rv3456c
Mb3486c,Rv3457c
Mb3487c,Rv3458c
Mb3488c,Rv3459c
Mb3489c,Rv3460c
Mb3490c,Rv3461c
Mb3491c,Rv3462c
Mb3492,Rv3463
Mb3493,Rv3464
Mb3494,Rv3465
Mb3498c,Rv3469c
Mb3499c,Rv3470c
Mb3501,Rv3472
Mb3503c,Rv3476c
Mb3504,Rv3477
Mb3505,Rv3478
Mb3509c,Rv3480c
Mb3511c,Rv3481c
Mb3512c,Rv3482c
Mb3513c,Rv3483c
Mb3514,Rv3484
Mb3516,Rv3486
Mb3518,Rv3488
Mb3519,Rv3489
Mb3520,Rv3490
Mb3521,Rv3491
Mb3522c,Rv3492c
Mb3523c,Rv3493c
Mb3524c,Rv3494c
Mb3525c,Rv3495c
Mb3526c,Rv3496c
Mb3527c,Rv3497c
Mb3528c,Rv3498c
Mb3529c,Rv3499c
Mb3530c,Rv3500c
Mb3531c,Rv3501c
Mb3532c,Rv3502c
Mb3533c,Rv3503c
Mb3534,Rv3504
Mb3535,Rv3505
Mb3536,Rv3506
Mb3539c,Rv3509c
Mb3540c,Rv3510c
Mb3544c,Rv3515c
Mb3545,Rv3516
Mb3546,Rv3517
Mb3547c,Rv3518c
Mb3549,Rv3519
Mb3552,Rv3522
Mb3553,Rv3523
Mb3554,Rv3524
Mb3555c,Rv3525c
Mb3556,Rv3526
Mb3557,Rv3527
Mb3558c,Rv3528c
Mb3559c,Rv3529c
Mb3560c,Rv3530c
Mb3561c,Rv3531c
Mb3562,Rv3532
Mb3563c,Rv3533c
Mb3564c,Rv3534c
Mb3565c,Rv3535c
Mb3566c,Rv3536c
Mb3567,Rv3537
Mb3568,Rv3538
Mb3569,Rv3539
Mb3570c,Rv3540c
Mb3571c,Rv3541c
Mb3572c,Rv3542c
Mb3573c,Rv3543c
Mb3574c,Rv3544c
Mb3576,Rv3546
Mb3577,Rv3547
Mb3578c,Rv3548c
Mb3579c,Rv3549c
Mb3580,Rv3550
Mb3581,Rv3551
Mb3582,Rv3552
Mb3583,Rv3553
Mb3584,Rv3554
Mb3585c,Rv3555c
Mb3586c,Rv3556c
Mb3587c,Rv3557c
Mb3588,Rv3558
Mb3589c,Rv3559c
Mb3590c,Rv3560c
Mb3591,Rv3561
Mb3592,Rv3562
Mb3593,Rv3563
Mb3594,Rv3564
Mb3595,Rv3565
Mb3597c,Rv3566A
Mb3596c,Rv3566c
Mb3598c,Rv3567c
Mb3599c,Rv3568c
Mb3600c,Rv3569c
Mb3601c,Rv3570c
Mb3602,Rv3571
Mb3603,Rv3572
Mb3604c,Rv3573c
Mb3605,Rv3574
Mb3606c,Rv3575c
Mb3607,Rv3576
Mb3609,Rv3578
Mb3610c,Rv3579c
Mb3611c,Rv3580c
Mb3612c,Rv3581c
Mb3613c,Rv3582c
Mb3614c,Rv3583c
Mb3615,Rv3584
Mb3616,Rv3585
Mb3617,Rv3586
Mb3618c,Rv3587c
Mb3619c,Rv3588c
Mb3620,Rv3589
Mb3621c,Rv3590c
Mb3622c,Rv3591c
Mb3623,Rv3592
Mb3624,Rv3593
Mb3625,Rv3594
Mb3627c,Rv3596c
Mb3628c,Rv3597c
Mb3629c,Rv3598c
Mb3630c,Rv3600c
Mb3631c,Rv3601c
Mb3632c,Rv3602c
Mb3633c,Rv3603c
Mb3634c,Rv3604c
Mb3635c,Rv3605c
Mb3636c,Rv3606c
Mb3637c,Rv3607c
Mb3638c,Rv3608c
Mb3639c,Rv3609c
Mb3640c,Rv3610c
Mb3642c,Rv3612c
Mb3643c,Rv3613c
Mb3644c,Rv3614c
Mb3645c,Rv3615c
Mb3646c,Rv3616c
Mb3648c,Rv3624c
Mb3649c,Rv3625c
Mb3650c,Rv3626c
Mb3651c,Rv3627c
Mb3652,Rv3628
Mb3653c,Rv3629c
Mb3654,Rv3630
Mb3655,Rv3631
Mb3656,Rv3632
Mb3657,Rv3633
Mb3658c,Rv3634c
Mb3659,Rv3635
Mb3662,Rv3638
Mb3664c,Rv3640c
Mb3665c,Rv3641c
Mb3666c,Rv3642c
Mb3667,Rv3643
Mb3668c,Rv3644c
Mb3669,Rv3645
Mb3670c,Rv3646c
Mb3671c,Rv3647c
Mb3672c,Rv3648c
Mb3673,Rv3649
Mb3674,Rv3650
Mb3675,Rv3651
Mb3680c,Rv3656c
Mb3682c,Rv3658c
Mb3684c,Rv3660c
Mb3685,Rv3661
Mb3686c,Rv3662c
Mb3687c,Rv3663c
Mb3689c,Rv3665c
Mb3690c,Rv3666c
Mb3691,Rv3667
Mb3692c,Rv3668c
Mb3693,Rv3669
Mb3694,Rv3670
Mb3695c,Rv3671c
Mb3696c,Rv3672c
Mb3698c,Rv3674c
Mb3699,Rv3675
Mb3700,Rv3676
Mb3701c,Rv3677c
Mb3703c,Rv3678A
Mb3702c,Rv3678c
Mb3704,Rv3679
Mb3705,Rv3680
Mb3706c,Rv3681c
Mb3707,Rv3682
Mb3708,Rv3683
Mb3710c,Rv3685c
Mb3711c,Rv3686c
Mb3712c,Rv3687c
Mb3713c,Rv3688c
Mb3714,Rv3689
Mb3715,Rv3690
Mb3717,Rv3692
Mb3718,Rv3693
Mb3719c,Rv3694c
Mb3720,Rv3695
Mb3721c,Rv3696c
Mb3723A,Rv3697A
Mb3723c,Rv3697c
Mb3725,Rv3699
Mb3726c,Rv3700c
Mb3727c,Rv3701c
Mb3728c,Rv3702c
Mb3729c,Rv3703c
Mb3730c,Rv3704c
Mb3732c,Rv3705A
Mb3731c,Rv3705c
Mb3733c,Rv3706c
Mb3735c,Rv3708c
Mb3736c,Rv3709c
Mb3738c,Rv3711c
Mb3739,Rv3712
Mb3740,Rv3713
Mb3741c,Rv3714c
Mb3742c,Rv3715c
Mb3743c,Rv3716c
Mb3745c,Rv3718c
Mb3746,Rv3719
Mb3748c,Rv3721c
Mb3749c,Rv3722c
Mb3750,Rv3723
Mb3753,Rv3726
Mb3754,Rv3727
Mb3755,Rv3728
Mb3757c,Rv3730c
Mb3758,Rv3731
Mb3759,Rv3732
Mb3760c,Rv3733c
Mb3761c,Rv3734c
Mb3762,Rv3735
Mb3763,Rv3736
Mb3764,Rv3737
Mb3766c,Rv3740c
Mb3769c,Rv3743c
Mb3770,Rv3744
Mb3771c,Rv3745c
Mb3772c,Rv3746c
Mb3773,Rv3747
Mb3774,Rv3748
Mb3778c,Rv3752c
Mb3781c,Rv3755c
Mb3782c,Rv3756c
Mb3783c,Rv3757c
Mb3784c,Rv3758c
Mb3785c,Rv3759c
Mb3787c,Rv3761c
Mb3788c,Rv3762c
Mb3789,Rv3763
Mb3791c,Rv3765c
Mb3793c,Rv3767c
Mb3794,Rv3768
Mb3795,Rv3769
Mb3796c,Rv3770c
Mb3799c,Rv3771c
Mb3800,Rv3772
Mb3802c,Rv3773c
Mb3803,Rv3774
Mb3804,Rv3775
Mb3806,Rv3777
Mb3807c,Rv3778c
Mb3808,Rv3779
Mb3809,Rv3780
Mb3810,Rv3781
Mb3811,Rv3782
Mb3812,Rv3783
Mb3813,Rv3784
Mb3814,Rv3785
Mb3815c,Rv3786c
Mb3816c,Rv3787c
Mb3817,Rv3788
Mb3818,Rv3789
Mb3819,Rv3790
Mb3820,Rv3791
Mb3821,Rv3792
Mb3823,Rv3794
Mb3824,Rv3795
Mb3825,Rv3796
Mb3826,Rv3797
Mb3829c,Rv3799c
Mb3830c,Rv3800c
Mb3832c,Rv3802c
Mb3833c,Rv3803c
Mb3834c,Rv3804c
Mb3836c,Rv3806c
Mb3838c,Rv3808c
Mb3839c,Rv3809c
Mb3840,Rv3810
Mb3842,Rv3812
Mb3843c,Rv3813c
Mb3844c,Rv3814c
Mb3845c,Rv3815c
Mb3846c,Rv3816c
Mb3847,Rv3817
Mb3848,Rv3818
Mb3849,Rv3819
Mb3850c,Rv3820c
Mb3851,Rv3821
Mb3852,Rv3822
Mb3853c,Rv3823c
Mb3854c,Rv3824c
Mb3855c,Rv3825c
Mb3856,Rv3826
Mb3859c,Rv3829c
Mb3860c,Rv3830c
Mb3861,Rv3831
Mb3862c,Rv3832c
Mb3863,Rv3833
Mb3864c,Rv3834c
Mb3865,Rv3835
Mb3866,Rv3836
Mb3867c,Rv3837c
Mb3868c,Rv3838c
Mb3869,Rv3839
Mb3870,Rv3840
Mb3871,Rv3841
Mb3872c,Rv3842c
Mb3873c,Rv3843c
Mb3874,Rv3844
Mb3875,Rv3845
Mb3876,Rv3846
Mb3877,Rv3847
Mb3878,Rv3848
Mb3879,Rv3849
Mb3880,Rv3850
Mb3881,Rv3851
Mb3882,Rv3852
Mb3883,Rv3853
Mb3884c,Rv3854c
Mb3885,Rv3855
Mb3886c,Rv3856c
Mb3887c,Rv3857c
Mb3888c,Rv3858c
Mb3889c,Rv3859c
Mb3890,Rv3860
Mb3891,Rv3861
Mb3892c,Rv3862c
Mb3895,Rv3865
Mb3896,Rv3866
Mb3897,Rv3867
Mb3898,Rv3868
Mb3899,Rv3869
Mb3900,Rv3870
Mb3901,Rv3871
Mb3902,Rv3872
Mb3903,Rv3873
Mb3904,Rv3874
Mb3905,Rv3875
Mb3906,Rv3876
Mb3907,Rv3877
Mb3908,Rv3878
Mb3910c,Rv3880c
Mb3911c,Rv3881c
Mb3912c,Rv3882c
Mb3913c,Rv3883c
Mb3914c,Rv3884c
Mb3915c,Rv3885c
Mb3916c,Rv3886c
Mb3919c,Rv3890c
Mb3920c,Rv3891c
Mb3921c,Rv3892c
Mb3922c,Rv3893c
Mb3924c,Rv3894c
Mb3925c,Rv3895c
Mb3931c,Rv3901c
Mb3932c,Rv3902c
Mb3933c,Rv3903c
Mb3934c,Rv3904c
Mb3935c,Rv3905c
Mb3936c,Rv3906c
Mb3937c,Rv3907c
Mb3938,Rv3908
Mb3939,Rv3909
Mb3940,Rv3910
Mb3943,Rv3912
Mb3944,Rv3913
Mb3945,Rv3914
Mb3946,Rv3915
Mb3947c,Rv3916c
Mb3948c,Rv3917c
Mb3949c,Rv3918c
Mb3950c,Rv3919c
Mb3951c,Rv3920c
Mb3952c,Rv3921c
Mb3953c,Rv3922c
Mb3955c,Rv3924c
